fecha;local;visitante;goles_local;goles_visita;torneo;ciudad;pais_x;neutral;difgol;gana_local;gana_visita;ranking_local;abrev_local;ranking_visitante;abrev_visitante;dif_ranking
8/8/1993;Bolivia;Uruguay;3;1;FIFA World Cup qualification;La Paz;Bolivia;0;2;1;0;59;BOL;22;URU;37
8/8/1993;Ecuador;Venezuela;5;0;FIFA World Cup qualification;Quito;Ecuador;0;5;1;0;35;ECU;94;VEN;-59
8/8/1993;Paraguay;Argentina;1;3;FIFA World Cup qualification;Asunción;Paraguay;0;-2;0;1;67;PAR;5;ARG;62
8/8/1993;Peru;Colombia;0;1;FIFA World Cup qualification;Lima;Peru;0;-1;0;1;70;PER;19;COL;51
15/8/1993;Bolivia;Ecuador;1;0;FIFA World Cup qualification;La Paz;Bolivia;0;1;1;0;59;BOL;35;ECU;24
15/8/1993;Colombia;Argentina;2;1;FIFA World Cup qualification;Barranquilla;Colombia;0;1;1;0;19;COL;5;ARG;14
15/8/1993;Paraguay;Peru;2;1;FIFA World Cup qualification;Asunción;Paraguay;0;1;1;0;67;PAR;70;PER;-3
15/8/1993;Uruguay;Brasil;1;1;FIFA World Cup qualification;Montevideo;Uruguay;0;0;0;0;22;URU;8;BRA;14
22/8/1993;Argentina;Peru;2;1;FIFA World Cup qualification;Buenos Aires;Argentina;0;1;1;0;5;ARG;70;PER;-65
22/8/1993;Bolivia;Venezuela;7;0;FIFA World Cup qualification;La Paz;Bolivia;0;7;1;0;59;BOL;94;VEN;-35
22/8/1993;Brasil;Ecuador;2;0;FIFA World Cup qualification;São Paulo;Brasil;0;2;1;0;8;BRA;35;ECU;-27
22/8/1993;Paraguay;Colombia;1;1;FIFA World Cup qualification;Asunción;Paraguay;0;0;0;0;67;PAR;19;COL;48
29/8/1993;Argentina;Paraguay;0;0;FIFA World Cup qualification;Buenos Aires;Argentina;0;0;0;0;5;ARG;67;PAR;-62
29/8/1993;Brasil;Bolivia;6;0;FIFA World Cup qualification;Recife;Brasil;0;6;1;0;8;BRA;59;BOL;-51
29/8/1993;Colombia;Peru;4;0;FIFA World Cup qualification;Barranquilla;Colombia;0;4;1;0;19;COL;70;PER;-51
29/8/1993;Uruguay;Venezuela;4;0;FIFA World Cup qualification;Montevideo;Uruguay;0;4;1;0;22;URU;94;VEN;-72
5/9/1993;Argentina;Colombia;0;5;FIFA World Cup qualification;Buenos Aires;Argentina;0;-5;0;1;5;ARG;19;COL;-14
5/9/1993;Brasil;Venezuela;4;0;FIFA World Cup qualification;Belo Horizonte;Brasil;0;4;1;0;8;BRA;94;VEN;-86
5/9/1993;Ecuador;Uruguay;0;1;FIFA World Cup qualification;Guayaquil;Ecuador;0;-1;0;1;35;ECU;22;URU;13
5/9/1993;Peru;Paraguay;2;2;FIFA World Cup qualification;Lima;Peru;0;0;0;0;70;PER;67;PAR;3
12/9/1993;Uruguay;Bolivia;2;1;FIFA World Cup qualification;Montevideo;Uruguay;0;1;1;0;22;URU;59;BOL;-37
12/9/1993;Venezuela;Ecuador;2;1;FIFA World Cup qualification;Puerto Ordaz;Venezuela;0;1;1;0;94;VEN;35;ECU;59
19/9/1993;Brasil;Uruguay;2;0;FIFA World Cup qualification;Rio de Janeiro;Brasil;0;2;1;0;8;BRA;22;URU;-14
19/9/1993;Ecuador;Bolivia;1;1;FIFA World Cup qualification;Guayaquil;Ecuador;0;0;0;0;35;ECU;59;BOL;-24
28/1/1994;Venezuela;Colombia;1;2;Friendly;Barinas;Venezuela;0;-1;0;1;93;VEN;21;COL;72
20/2/1994;Bolivia;Colombia;0;2;Friendly;Miami;USA;1;-2;0;1;55;BOL;20;COL;35
23/3/1994;Brasil;Argentina;2;0;Friendly;Recife;Brasil;0;2;1;0;2;BRA;8;ARG;-6
7/4/1994;Colombia;Bolivia;0;1;Friendly;Villavicencio;Colombia;0;-1;0;1;20;COL;56;BOL;-36
3/5/1994;Colombia;Peru;1;0;Friendly;Miami;USA;1;1;1;0;20;COL;72;PER;-52
18/5/1994;Chile;Argentina;3;3;Friendly;Santiago;Chile;0;0;0;0;40;CHI;6;ARG;34
25/5/1994;Chile;Peru;2;1;Friendly;Santiago;Chile;0;1;1;0;40;CHI;69;PER;-29
25/5/1994;Ecuador;Argentina;1;0;Friendly;Guayaquil;Ecuador;0;1;1;0;47;ECU;6;ARG;41
8/6/1994;Bolivia;Peru;0;0;Friendly;Santa Cruz;Bolivia;0;0;0;0;43;BOL;69;PER;-26
17/8/1994;Peru;Ecuador;2;0;Friendly;Lima;Peru;0;2;1;0;72;PER;46;ECU;26
21/9/1994;Chile;Bolivia;1;2;Friendly;Santiago;Chile;0;-1;0;1;43;CHI;44;BOL;-1
21/9/1994;Ecuador;Peru;0;0;Friendly;Machala;Ecuador;0;0;0;0;53;ECU;65;PER;-12
19/10/1994;Peru;Uruguay;0;1;Friendly;Lima;Peru;0;-1;0;1;65;PER;36;URU;29
16/11/1994;Chile;Argentina;0;3;Friendly;Santiago;Chile;0;-3;0;1;46;CHI;9;ARG;37
8/1/1995;Japon;Argentina;1;5;Confederations Cup;Riyadh;Saudi Arabia;1;-4;0;1;36;JPN;10;ARG;26
22/3/1995;Colombia;Uruguay;2;1;Friendly;Medellín;Colombia;0;1;1;0;16;COL;36;URU;-20
3/4/1995;Bolivia;Venezuela;0;0;Friendly;Sucre;Bolivia;0;0;0;0;48;BOL;121;VEN;-73
5/4/1995;Uruguay;Peru;1;0;Friendly;Montevideo;Uruguay;0;1;1;0;36;URU;76;PER;-40
19/4/1995;Peru;Chile;6;0;Friendly;Lima;Peru;0;6;1;0;73;PER;43;CHI;30
14/5/1995;Bolivia;Paraguay;1;1;Copa Paz del Chaco;Cochabamba;Bolivia;0;0;0;0;55;BOL;101;PAR;-46
28/5/1995;Japon;Ecuador;3;0;Kirin Cup;Tokyo;Japon;0;3;1;0;35;JPN;62;ECU;-27
31/5/1995;Argentina;Peru;1;0;Friendly;Córdoba;Argentina;0;1;1;0;8;ARG;69;PER;-61
6/6/1995;Brasil;Japon;3;0;Friendly;Liverpool;England;1;3;1;0;1;BRA;35;JPN;-34
9/6/1995;Paraguay;Bolivia;0;0;Copa Paz del Chaco;Asunción;Paraguay;0;0;0;0;103;PAR;58;BOL;45
14/6/1995;Argentina;Paraguay;2;1;Friendly;Rosario;Argentina;0;1;1;0;10;ARG;100;PAR;-90
18/6/1995;Venezuela;Bolivia;1;3;Friendly;Valera;Venezuela;0;-2;0;1;124;VEN;62;BOL;62
19/6/1995;Chile;Paraguay;0;1;Friendly;La Serena;Chile;0;-1;0;1;42;CHI;100;PAR;-58
30/6/1995;Paraguay;Ecuador;1;0;Friendly;Asunción;Paraguay;0;1;1;0;100;PAR;76;ECU;24
1/7/1995;Peru;Bolivia;4;1;Friendly;Lima;Peru;0;3;1;0;73;PER;62;BOL;11
5/7/1995;Uruguay;Venezuela;4;1;Copa América;Montevideo;Uruguay;0;3;1;0;36;URU;124;VEN;-88
7/7/1995;Brasil;Ecuador;1;0;Copa América;Rivera;Uruguay;1;1;1;0;1;BRA;76;ECU;-75
7/7/1995;Colombia;Peru;1;1;Copa América;Rivera;Uruguay;1;0;0;0;23;COL;73;PER;-50
8/7/1995;Argentina;Bolivia;2;1;Copa América;Paysandú;Uruguay;1;1;1;0;10;ARG;62;BOL;-52
9/7/1995;Uruguay;Paraguay;1;0;Copa América;Montevideo;Uruguay;0;1;1;0;36;URU;100;PAR;-64
10/7/1995;Brasil;Peru;2;0;Copa América;Rivera;Uruguay;1;2;1;0;1;BRA;73;PER;-72
10/7/1995;Colombia;Ecuador;1;0;Copa América;Rivera;Uruguay;1;1;1;0;23;COL;76;ECU;-53
11/7/1995;Argentina;Chile;4;0;Copa América;Paysandú;Uruguay;1;4;1;0;10;ARG;42;CHI;-32
12/7/1995;Paraguay;Venezuela;3;2;Copa América;Maldonado;Uruguay;1;1;1;0;100;PAR;124;VEN;-24
13/7/1995;Brasil;Colombia;3;0;Copa América;Rivera;Uruguay;1;3;1;0;1;BRA;23;COL;-22
13/7/1995;Peru;Ecuador;1;2;Copa América;Rivera;Uruguay;1;-1;0;1;73;PER;76;ECU;-3
14/7/1995;Chile;Bolivia;2;2;Copa América;Paysandú;Uruguay;1;0;0;0;42;CHI;62;BOL;-20
16/7/1995;Paraguay;Colombia;1;1;Copa América;Montevideo;Uruguay;1;0;0;0;100;PAR;23;COL;77
16/7/1995;Uruguay;Bolivia;2;1;Copa América;Montevideo;Uruguay;0;1;1;0;36;URU;62;BOL;-26
17/7/1995;Brasil;Argentina;2;2;Copa América;Rivera;Uruguay;1;0;0;0;1;BRA;10;ARG;-9
19/7/1995;Uruguay;Colombia;2;0;Copa América;Montevideo;Uruguay;0;2;1;0;36;URU;23;COL;13
23/7/1995;Uruguay;Brasil;1;1;Copa América;Montevideo;Uruguay;0;0;0;0;36;URU;1;BRA;35
9/8/1995;Japon;Brasil;1;5;Friendly;Tokyo;Japon;0;-4;0;1;36;JPN;1;BRA;35
20/9/1995;Japon;Paraguay;1;2;Friendly;Tokyo;Japon;0;-1;0;1;41;JPN;81;PAR;-40
11/10/1995;Argentina;Colombia;0;0;Friendly;Buenos Aires;Argentina;0;0;0;0;9;ARG;15;COL;-6
11/10/1995;Brasil;Uruguay;2;0;Friendly;Salvador;Brasil;0;2;1;0;1;BRA;36;URU;-35
25/10/1995;Bolivia;Ecuador;2;2;Friendly;Santa Cruz;Bolivia;0;0;0;0;50;BOL;61;ECU;-11
8/11/1995;Argentina;Brasil;0;1;Friendly;Buenos Aires;Argentina;0;-1;0;1;7;ARG;1;BRA;6
20/12/1995;Brasil;Colombia;3;1;Friendly;Manaus;Brasil;0;2;1;0;1;BRA;15;COL;-14
21/12/1995;Argentina;Venezuela;6;0;Friendly;Mendoza;Argentina;0;6;1;0;7;ARG;127;VEN;-120
2/2/1996;Venezuela;Ecuador;0;1;Friendly;Caracas;Venezuela;0;-1;0;1;112;VEN;57;ECU;55
4/2/1996;Bolivia;Chile;1;1;Friendly;Cochabamba;Bolivia;0;0;0;0;56;BOL;39;CHI;17
11/2/1996;Peru;Bolivia;1;3;Friendly;Lima;Peru;0;-2;0;1;67;PER;56;BOL;11
14/2/1996;Bolivia;Paraguay;4;1;Friendly;Sucre;Bolivia;0;3;1;0;56;BOL;65;PAR;-9
14/2/1996;Chile;Peru;4;0;Friendly;Coquimbo;Chile;0;4;1;0;39;CHI;67;PER;-28
18/2/1996;Qatar;Ecuador;1;1;Friendly;Doha;Qatar;0;0;0;0;84;QAT;57;ECU;27
25/2/1996;Qatar;Ecuador;1;2;Friendly;Doha;Qatar;0;-1;0;1;85;QAT;54;ECU;31
7/3/1996;Bolivia;Peru;2;0;Friendly;Santa Cruz;Bolivia;0;2;1;0;40;BOL;70;PER;-30
28/3/1996;Colombia;Bolivia;4;1;Friendly;Medellín;Colombia;0;3;1;0;19;COL;40;BOL;-21
24/4/1996;Argentina;Bolivia;3;1;FIFA World Cup qualification;Buenos Aires;Argentina;0;2;1;0;8;ARG;36;BOL;-28
24/4/1996;Colombia;Paraguay;1;0;FIFA World Cup qualification;Barranquilla;Colombia;0;1;1;0;9;COL;67;PAR;-58
24/4/1996;Ecuador;Peru;4;1;FIFA World Cup qualification;Guayaquil;Ecuador;0;3;1;0;41;ECU;78;PER;-37
24/4/1996;Venezuela;Uruguay;0;2;FIFA World Cup qualification;Caracas;Venezuela;0;-2;0;1;116;VEN;35;URU;81
26/5/1996;Chile;Bolivia;2;0;Friendly;Santiago;Chile;0;2;1;0;29;CHI;37;BOL;-8
2/6/1996;Ecuador;Argentina;2;0;FIFA World Cup qualification;Quito;Ecuador;0;2;1;0;38;ECU;8;ARG;30
2/6/1996;Peru;Colombia;1;1;FIFA World Cup qualification;Lima;Peru;0;0;0;0;77;PER;9;COL;68
2/6/1996;Uruguay;Paraguay;0;2;FIFA World Cup qualification;Montevideo;Uruguay;0;-2;0;1;32;URU;62;PAR;-30
2/6/1996;Venezuela;Chile;1;1;FIFA World Cup qualification;Barinas;Venezuela;0;0;0;0;119;VEN;29;CHI;90
6/7/1996;Chile;Ecuador;4;1;FIFA World Cup qualification;Santiago;Chile;0;3;1;0;29;CHI;32;ECU;-3
7/7/1996;Bolivia;Venezuela;6;1;FIFA World Cup qualification;La Paz;Bolivia;0;5;1;0;36;BOL;125;VEN;-89
7/7/1996;Colombia;Uruguay;3;1;FIFA World Cup qualification;Barranquilla;Colombia;0;2;1;0;12;COL;38;URU;-26
7/7/1996;Peru;Argentina;0;0;FIFA World Cup qualification;Lima;Peru;0;0;0;0;78;PER;15;ARG;63
26/7/1996;Paraguay;Bolivia;2;0;Friendly;Asunción;Paraguay;0;2;1;0;63;PAR;36;BOL;27
25/8/1996;Japon;Uruguay;5;3;Friendly;Osaka;Japon;0;2;1;0;25;JPN;38;URU;-13
1/9/1996;Argentina;Paraguay;1;1;FIFA World Cup qualification;Buenos Aires;Argentina;0;0;0;0;24;ARG;46;PAR;-22
1/9/1996;Bolivia;Peru;0;0;FIFA World Cup qualification;La Paz;Bolivia;0;0;0;0;35;BOL;66;PER;-31
1/9/1996;Colombia;Chile;4;1;FIFA World Cup qualification;Barranquilla;Colombia;0;3;1;0;11;COL;21;CHI;-10
1/9/1996;Ecuador;Venezuela;1;0;FIFA World Cup qualification;Quito;Ecuador;0;1;1;0;32;ECU;118;VEN;-86
8/10/1996;Uruguay;Bolivia;1;0;FIFA World Cup qualification;Montevideo;Uruguay;0;1;1;0;53;URU;36;BOL;17
9/10/1996;Ecuador;Colombia;0;1;FIFA World Cup qualification;Quito;Ecuador;0;-1;0;1;31;ECU;11;COL;20
9/10/1996;Paraguay;Chile;2;1;FIFA World Cup qualification;Asunción;Paraguay;0;1;1;0;45;PAR;26;CHI;19
9/10/1996;Venezuela;Argentina;2;5;FIFA World Cup qualification;San Cristóbal;Venezuela;0;-3;0;1;118;VEN;22;ARG;96
10/11/1996;Bolivia;Colombia;2;2;FIFA World Cup qualification;La Paz;Bolivia;0;0;0;0;41;BOL;8;COL;33
10/11/1996;Paraguay;Ecuador;1;0;FIFA World Cup qualification;Asunción;Paraguay;0;1;1;0;44;PAR;32;ECU;12
10/11/1996;Peru;Venezuela;4;1;FIFA World Cup qualification;Lima;Peru;0;3;1;0;57;PER;106;VEN;-49
12/11/1996;Chile;Uruguay;1;0;FIFA World Cup qualification;Santiago;Chile;0;1;1;0;26;CHI;50;URU;-24
15/12/1996;Argentina;Chile;1;1;FIFA World Cup qualification;Buenos Aires;Argentina;0;0;0;0;19;ARG;26;CHI;-7
15/12/1996;Bolivia;Paraguay;0;0;FIFA World Cup qualification;La Paz;Bolivia;0;0;0;0;41;BOL;39;PAR;2
15/12/1996;Uruguay;Peru;2;0;FIFA World Cup qualification;Montevideo;Uruguay;0;2;1;0;54;URU;53;PER;1
15/12/1996;Venezuela;Colombia;0;2;FIFA World Cup qualification;San Cristóbal;Venezuela;0;-2;0;1;110;VEN;7;COL;103
12/1/1997;Bolivia;Ecuador;2;0;FIFA World Cup qualification;La Paz;Bolivia;0;2;1;0;39;BOL;33;ECU;6
12/1/1997;Peru;Chile;2;1;FIFA World Cup qualification;Lima;Peru;0;1;1;0;54;PER;26;CHI;28
12/1/1997;Uruguay;Argentina;0;0;FIFA World Cup qualification;Montevideo;Uruguay;0;0;0;0;43;URU;22;ARG;21
12/1/1997;Venezuela;Paraguay;0;2;FIFA World Cup qualification;Mérida;Venezuela;0;-2;0;1;111;VEN;38;PAR;73
12/2/1997;Bolivia;Chile;1;1;FIFA World Cup qualification;La Paz;Bolivia;0;0;0;0;39;BOL;26;CHI;13
12/2/1997;Colombia;Argentina;0;1;FIFA World Cup qualification;Barranquilla;Colombia;0;-1;0;1;4;COL;22;ARG;-18
12/2/1997;Ecuador;Uruguay;4;0;FIFA World Cup qualification;Quito;Ecuador;0;4;1;0;33;ECU;43;URU;-10
12/2/1997;Paraguay;Peru;2;1;FIFA World Cup qualification;Asunción;Paraguay;0;1;1;0;38;PAR;54;PER;-16
2/4/1997;Bolivia;Argentina;2;1;FIFA World Cup qualification;La Paz;Bolivia;0;1;1;0;37;BOL;18;ARG;19
2/4/1997;Brasil;Chile;4;0;Friendly;Brasília;Brasil;0;4;1;0;1;BRA;21;CHI;-20
2/4/1997;Paraguay;Colombia;2;1;FIFA World Cup qualification;Asunción;Paraguay;0;1;1;0;31;PAR;5;COL;26
2/4/1997;Peru;Ecuador;1;1;FIFA World Cup qualification;Lima;Peru;0;0;0;0;45;PER;35;ECU;10
2/4/1997;Uruguay;Venezuela;3;1;FIFA World Cup qualification;Montevideo;Uruguay;0;2;1;0;43;URU;112;VEN;-69
29/4/1997;Chile;Venezuela;6;0;FIFA World Cup qualification;Santiago;Chile;0;6;1;0;26;CHI;109;VEN;-83
30/4/1997;Argentina;Ecuador;2;1;FIFA World Cup qualification;Buenos Aires;Argentina;0;1;1;0;19;ARG;35;ECU;-16
30/4/1997;Colombia;Peru;0;1;FIFA World Cup qualification;Barranquilla;Colombia;0;-1;0;1;8;COL;45;PER;-37
30/4/1997;Paraguay;Uruguay;3;1;FIFA World Cup qualification;Asunción;Paraguay;0;2;1;0;23;PAR;42;URU;-19
8/6/1997;Argentina;Peru;2;0;FIFA World Cup qualification;Buenos Aires;Argentina;0;2;1;0;21;ARG;39;PER;-18
8/6/1997;Ecuador;Chile;1;1;FIFA World Cup qualification;Quito;Ecuador;0;0;0;0;40;ECU;27;CHI;13
8/6/1997;Uruguay;Colombia;1;1;FIFA World Cup qualification;Montevideo;Uruguay;0;0;0;0;54;URU;11;COL;43
8/6/1997;Venezuela;Bolivia;1;1;FIFA World Cup qualification;Valera;Venezuela;0;0;0;0;113;VEN;32;BOL;81
11/6/1997;Argentina;Ecuador;0;0;Copa América;Cochabamba;Bolivia;1;0;0;0;21;ARG;40;ECU;-19
11/6/1997;Chile;Paraguay;0;1;Copa América;Cochabamba;Bolivia;1;-1;0;1;27;CHI;22;PAR;5
12/6/1997;Bolivia;Venezuela;1;0;Copa América;La Paz;Bolivia;0;1;1;0;32;BOL;113;VEN;-81
12/6/1997;Peru;Uruguay;1;0;Copa América;Sucre;Bolivia;1;1;1;0;39;PER;54;URU;-15
14/6/1997;Argentina;Chile;2;0;Copa América;Cochabamba;Bolivia;1;2;1;0;21;ARG;27;CHI;-6
14/6/1997;Paraguay;Ecuador;0;2;Copa América;Cochabamba;Bolivia;1;-2;0;1;22;PAR;40;ECU;-18
15/6/1997;Bolivia;Peru;2;0;Copa América;La Paz;Bolivia;0;2;1;0;32;BOL;39;PER;-7
15/6/1997;Uruguay;Venezuela;2;0;Copa América;Sucre;Bolivia;1;2;1;0;54;URU;113;VEN;-59
17/6/1997;Argentina;Paraguay;1;1;Copa América;Cochabamba;Bolivia;1;0;0;0;21;ARG;22;PAR;-1
17/6/1997;Chile;Ecuador;1;2;Copa América;Cochabamba;Bolivia;1;-1;0;1;27;CHI;40;ECU;-13
18/6/1997;Bolivia;Uruguay;1;0;Copa América;La Paz;Bolivia;0;1;1;0;34;BOL;51;URU;-17
18/6/1997;Peru;Venezuela;2;0;Copa América;Sucre;Bolivia;1;2;1;0;39;PER;111;VEN;-72
19/6/1997;Brasil;Colombia;2;0;Copa América;Santa Cruz;Bolivia;1;2;1;0;1;BRA;13;COL;-12
21/6/1997;Bolivia;Colombia;2;1;Copa América;La Paz;Bolivia;0;1;1;0;34;BOL;13;COL;21
21/6/1997;Peru;Argentina;2;1;Copa América;Sucre;Bolivia;1;1;1;0;39;PER;16;ARG;23
22/6/1997;Brasil;Paraguay;2;0;Copa América;Santa Cruz;Bolivia;1;2;1;0;1;BRA;24;PAR;-23
26/6/1997;Brasil;Peru;7;0;Copa América;Santa Cruz;Bolivia;1;7;1;0;1;BRA;39;PER;-38
29/6/1997;Bolivia;Brasil;1;3;Copa América;La Paz;Bolivia;0;-2;0;1;34;BOL;1;BRA;33
5/7/1997;Chile;Colombia;4;1;FIFA World Cup qualification;Santiago;Chile;0;3;1;0;27;CHI;13;COL;14
6/7/1997;Paraguay;Argentina;1;2;FIFA World Cup qualification;Asunción;Paraguay;0;-1;0;1;24;PAR;16;ARG;8
6/7/1997;Peru;Bolivia;2;1;FIFA World Cup qualification;Lima;Peru;0;1;1;0;39;PER;34;BOL;5
6/7/1997;Venezuela;Ecuador;1;1;FIFA World Cup qualification;Maracaibo;Venezuela;0;0;0;0;111;VEN;38;ECU;73
20/7/1997;Argentina;Venezuela;2;0;FIFA World Cup qualification;Buenos Aires;Argentina;0;2;1;0;13;ARG;106;VEN;-93
20/7/1997;Bolivia;Uruguay;1;0;FIFA World Cup qualification;La Paz;Bolivia;0;1;1;0;18;BOL;44;URU;-26
20/7/1997;Chile;Paraguay;2;1;FIFA World Cup qualification;Santiago;Chile;0;1;1;0;27;CHI;23;PAR;4
20/7/1997;Colombia;Ecuador;1;0;FIFA World Cup qualification;Barranquilla;Colombia;0;1;1;0;12;COL;30;ECU;-18
13/8/1997;Japon;Brasil;0;3;Friendly;Osaka;Japon;0;-3;0;1;17;JPN;1;BRA;16
20/8/1997;Colombia;Bolivia;3;0;FIFA World Cup qualification;Barranquilla;Colombia;0;3;1;0;10;COL;18;BOL;-8
20/8/1997;Ecuador;Paraguay;2;1;FIFA World Cup qualification;Quito;Ecuador;0;1;1;0;29;ECU;27;PAR;2
20/8/1997;Uruguay;Chile;1;0;FIFA World Cup qualification;Montevideo;Uruguay;0;1;1;0;50;URU;23;CHI;27
20/8/1997;Venezuela;Peru;0;3;FIFA World Cup qualification;Barinas;Venezuela;0;-3;0;1;109;VEN;36;PER;73
24/8/1997;Peru;Colombia;2;1;Friendly;Lima;Peru;0;1;1;0;36;PER;10;COL;26
10/9/1997;Brasil;Ecuador;4;2;Friendly;Salvador;Brasil;0;2;1;0;1;BRA;29;ECU;-28
10/9/1997;Chile;Argentina;1;2;FIFA World Cup qualification;Santiago;Chile;0;-1;0;1;23;CHI;13;ARG;10
10/9/1997;Colombia;Venezuela;1;0;FIFA World Cup qualification;Barranquilla;Colombia;0;1;1;0;10;COL;109;VEN;-99
10/9/1997;Paraguay;Bolivia;2;1;FIFA World Cup qualification;Asunción;Paraguay;0;1;1;0;27;PAR;18;BOL;9
10/9/1997;Peru;Uruguay;2;1;FIFA World Cup qualification;Lima;Peru;0;1;1;0;36;PER;50;URU;-14
12/10/1997;Argentina;Uruguay;0;0;FIFA World Cup qualification;Buenos Aires;Argentina;0;0;0;0;10;ARG;47;URU;-37
12/10/1997;Ecuador;Bolivia;1;0;FIFA World Cup qualification;Guayaquil;Ecuador;0;1;1;0;30;ECU;23;BOL;7
12/10/1997;Paraguay;Venezuela;1;0;FIFA World Cup qualification;Asunción;Paraguay;0;1;1;0;28;PAR;110;VEN;-82
12/10/1997;Peru;Chile;0;4;FIFA World Cup qualification;Lima;Peru;0;-4;0;1;34;PER;29;CHI;5
16/11/1997;Argentina;Colombia;1;1;FIFA World Cup qualification;Buenos Aires;Argentina;0;0;0;0;13;ARG;11;COL;2
16/11/1997;Chile;Bolivia;3;0;FIFA World Cup qualification;Santiago;Chile;0;3;1;0;27;CHI;22;BOL;5
16/11/1997;Peru;Paraguay;1;0;FIFA World Cup qualification;Lima;Peru;0;1;1;0;38;PER;28;PAR;10
16/11/1997;Uruguay;Ecuador;5;3;FIFA World Cup qualification;Maldonado;Uruguay;0;2;1;0;52;URU;31;ECU;21
29/3/1998;Colombia;Paraguay;1;1;Friendly;New Haven;USA;1;0;0;0;17;COL;30;PAR;-13
22/4/1998;Chile;Colombia;2;2;Friendly;Santiago;Chile;0;0;0;0;6;CHI;13;COL;-7
29/4/1998;Brasil;Argentina;0;1;Friendly;Rio de Janeiro;Brasil;0;-1;0;1;1;BRA;7;ARG;-6
17/5/1998;Japon;Paraguay;1;1;Kirin Cup;Tokyo;Japon;0;0;0;0;11;JPN;29;PAR;-18
19/5/1998;Argentina;Chile;1;0;Friendly;Mendoza;Argentina;0;1;1;0;7;ARG;6;CHI;1
24/5/1998;Chile;Uruguay;2;2;Friendly;Santiago;Chile;0;0;0;0;9;CHI;38;URU;-29
14/6/1998;Argentina;Japon;1;0;FIFA World Cup;Toulouse;France;1;1;1;0;6;ARG;12;JPN;-6
27/6/1998;Brasil;Chile;4;1;FIFA World Cup;Paris;France;1;3;1;0;1;BRA;9;CHI;-8
14/10/1998;Brasil;Ecuador;5;1;Friendly;Washington;USA;1;4;1;0;1;BRA;51;ECU;-50
3/2/1999;Venezuela;Argentina;0;2;Friendly;Maracaibo;Venezuela;0;-2;0;1;126;VEN;6;ARG;120
10/2/1999;Peru;Ecuador;1;2;Friendly;Lima;Peru;0;-1;0;1;62;PER;61;ECU;1
17/2/1999;Ecuador;Peru;1;2;Friendly;Guayaquil;Ecuador;0;-1;0;1;61;ECU;62;PER;-1
7/3/1999;Bolivia;Paraguay;0;3;Friendly;Guatemala;Guatemala;1;-3;0;1;59;BOL;22;PAR;37
30/3/1999;Venezuela;Colombia;0;0;Friendly;Maracaibo;Venezuela;0;0;0;0;126;VEN;28;COL;98
31/3/1999;Japon;Brasil;0;2;Friendly;Tokyo;Japon;0;-2;0;1;37;JPN;1;BRA;36
15/4/1999;Venezuela;Colombia;1;1;Friendly;Caracas;Venezuela;0;0;0;0;126;VEN;28;COL;98
22/4/1999;Paraguay;Colombia;0;2;Friendly;Luque;Paraguay;0;-2;0;1;20;PAR;30;COL;-10
28/4/1999;Bolivia;Chile;1;1;Friendly;Cochabamba;Bolivia;0;0;0;0;52;BOL;21;CHI;31
6/6/1999;Japon;Peru;0;0;Kirin Cup;Yokohama;Japon;0;0;0;0;41;JPN;66;PER;-25
15/6/1999;Venezuela;Ecuador;3;2;Friendly;San Cristóbal;Venezuela;0;1;1;0;118;VEN;55;ECU;63
17/6/1999;Colombia;Peru;3;3;Friendly;Manizales;Colombia;0;0;0;0;32;COL;66;PER;-34
17/6/1999;Paraguay;Uruguay;2;3;Friendly;Ciudad del Este;Paraguay;0;-1;0;1;21;PAR;74;URU;-53
20/6/1999;Chile;Bolivia;1;0;Friendly;Santiago;Chile;0;1;1;0;29;CHI;53;BOL;-24
20/6/1999;Venezuela;Peru;3;0;Friendly;Valencia;Venezuela;0;3;1;0;115;VEN;66;PER;49
23/6/1999;Peru;Venezuela;3;0;Friendly;Lima;Peru;0;3;1;0;66;PER;115;VEN;-49
24/6/1999;Paraguay;Colombia;2;1;Friendly;Asunción;Paraguay;0;1;1;0;21;PAR;32;COL;-11
29/6/1999;Paraguay;Bolivia;0;0;Copa América;Asunción;Paraguay;0;0;0;0;21;PAR;53;BOL;-32
29/6/1999;Peru;Japon;3;2;Copa América;Asunción;Paraguay;1;1;1;0;66;PER;42;JPN;24
30/6/1999;Brasil;Venezuela;7;0;Copa América;Ciudad del Este;Paraguay;1;7;1;0;1;BRA;115;VEN;-114
1/7/1999;Argentina;Ecuador;3;1;Copa América;Luque;Paraguay;1;2;1;0;8;ARG;49;ECU;-41
1/7/1999;Uruguay;Colombia;0;1;Copa América;Asunción;Paraguay;1;-1;0;1;74;URU;32;COL;42
2/7/1999;Paraguay;Japon;4;0;Copa América;Asunción;Paraguay;0;4;1;0;21;PAR;42;JPN;-21
2/7/1999;Peru;Bolivia;1;0;Copa América;Asunción;Paraguay;1;1;1;0;66;PER;53;BOL;13
3/7/1999;Chile;Venezuela;3;0;Copa América;Ciudad del Este;Paraguay;1;3;1;0;29;CHI;115;VEN;-86
4/7/1999;Argentina;Colombia;0;3;Copa América;Luque;Paraguay;1;-3;0;1;8;ARG;32;COL;-24
4/7/1999;Uruguay;Ecuador;2;1;Copa América;Luque;Paraguay;1;1;1;0;74;URU;49;ECU;25
5/7/1999;Bolivia;Japon;1;1;Copa América;Pedro Juan Caballero;Paraguay;1;0;0;0;53;BOL;42;JPN;11
5/7/1999;Paraguay;Peru;1;0;Copa América;Pedro Juan Caballero;Paraguay;0;1;1;0;21;PAR;66;PER;-45
6/7/1999;Brasil;Chile;1;0;Copa América;Ciudad del Este;Paraguay;1;1;1;0;1;BRA;29;CHI;-28
7/7/1999;Colombia;Ecuador;2;1;Copa América;Luque;Paraguay;1;1;1;0;32;COL;49;ECU;-17
7/7/1999;Uruguay;Argentina;0;2;Copa América;Luque;Paraguay;1;-2;0;1;74;URU;8;ARG;66
10/7/1999;Paraguay;Uruguay;1;1;Copa América;Asunción;Paraguay;0;0;0;0;21;PAR;74;URU;-53
11/7/1999;Brasil;Argentina;2;1;Copa América;Ciudad del Este;Paraguay;1;1;1;0;1;BRA;8;ARG;-7
11/7/1999;Chile;Colombia;3;2;Copa América;Luque;Paraguay;1;1;1;0;29;CHI;32;COL;-3
13/7/1999;Uruguay;Chile;1;1;Copa América;Asunción;Paraguay;1;0;0;0;74;URU;29;CHI;45
18/7/1999;Brasil;Uruguay;3;0;Copa América;Asunción;Paraguay;1;3;1;0;1;BRA;74;URU;-73
25/8/1999;Bolivia;Venezuela;0;0;Friendly;Sucre;Bolivia;0;0;0;0;52;BOL;110;VEN;-58
4/9/1999;Argentina;Brasil;2;0;Friendly;Buenos Aires;Argentina;0;2;1;0;6;ARG;1;BRA;5
7/9/1999;Brasil;Argentina;4;2;Friendly;Porto Alegre;Brasil;0;2;1;0;1;BRA;6;ARG;-5
8/9/1999;Uruguay;Venezuela;2;0;Friendly;Montevideo;Uruguay;0;2;1;0;43;URU;110;VEN;-67
12/10/1999;Uruguay;Ecuador;0;0;Friendly;Montevideo;Uruguay;0;0;0;0;41;URU;60;ECU;-19
13/10/1999;Argentina;Colombia;2;1;Friendly;Córdoba;Argentina;0;1;1;0;8;ARG;26;COL;-18
3/11/1999;Bolivia;Paraguay;0;0;Copa Paz del Chaco;Buenos Aires;Argentina;1;0;0;0;57;BOL;18;PAR;39
17/11/1999;Uruguay;Paraguay;0;1;Friendly;Maldonado;Uruguay;0;-1;0;1;42;URU;18;PAR;24
23/2/2000;Colombia;Peru;2;1;Gold Cup;San Diego;USA;1;1;1;0;24;COL;44;PER;-20
16/3/2000;Venezuela;Bolivia;0;0;Friendly;Maracaibo;Venezuela;0;0;0;0;113;VEN;69;BOL;44
28/3/2000;Colombia;Brasil;0;0;FIFA World Cup qualification;Bogotá;Colombia;0;0;0;0;17;COL;1;BRA;16
29/3/2000;Argentina;Chile;4;1;FIFA World Cup qualification;Buenos Aires;Argentina;0;3;1;0;7;ARG;24;CHI;-17
29/3/2000;Ecuador;Venezuela;2;0;FIFA World Cup qualification;Quito;Ecuador;0;2;1;0;72;ECU;113;VEN;-41
29/3/2000;Peru;Paraguay;2;0;FIFA World Cup qualification;Lima;Peru;0;2;1;0;43;PER;18;PAR;25
29/3/2000;Uruguay;Bolivia;1;0;FIFA World Cup qualification;Montevideo;Uruguay;0;1;1;0;44;URU;69;BOL;-25
26/4/2000;Bolivia;Colombia;1;1;FIFA World Cup qualification;La Paz;Bolivia;0;0;0;0;69;BOL;17;COL;52
26/4/2000;Brasil;Ecuador;3;2;FIFA World Cup qualification;São Paulo;Brasil;0;1;1;0;1;BRA;71;ECU;-70
26/4/2000;Chile;Peru;1;1;FIFA World Cup qualification;Santiago;Chile;0;0;0;0;23;CHI;39;PER;-16
26/4/2000;Paraguay;Uruguay;1;0;FIFA World Cup qualification;Asunción;Paraguay;0;1;1;0;19;PAR;42;URU;-23
26/4/2000;Venezuela;Argentina;0;4;FIFA World Cup qualification;Maracaibo;Venezuela;0;-4;0;1;115;VEN;6;ARG;109
3/6/2000;Paraguay;Ecuador;3;1;FIFA World Cup qualification;Asunción;Paraguay;0;2;1;0;17;PAR;71;ECU;-54
3/6/2000;Uruguay;Chile;2;1;FIFA World Cup qualification;Montevideo;Uruguay;0;1;1;0;44;URU;22;CHI;22
4/6/2000;Argentina;Bolivia;1;0;FIFA World Cup qualification;Buenos Aires;Argentina;0;1;1;0;5;ARG;67;BOL;-62
4/6/2000;Colombia;Venezuela;3;0;FIFA World Cup qualification;Bogotá;Colombia;0;3;1;0;18;COL;117;VEN;-99
4/6/2000;Peru;Brasil;0;1;FIFA World Cup qualification;Lima;Peru;0;-1;0;1;36;PER;1;BRA;35
18/6/2000;Japon;Bolivia;2;0;Kirin Cup;Yokohama;Japon;0;2;1;0;57;JPN;67;BOL;-10
28/6/2000;Brasil;Uruguay;1;1;FIFA World Cup qualification;Rio de Janeiro;Brasil;0;0;0;0;1;BRA;43;URU;-42
28/6/2000;Venezuela;Bolivia;4;2;FIFA World Cup qualification;San Cristóbal;Venezuela;0;2;1;0;115;VEN;67;BOL;48
29/6/2000;Chile;Paraguay;3;1;FIFA World Cup qualification;Santiago;Chile;0;2;1;0;23;CHI;17;PAR;6
29/6/2000;Colombia;Argentina;1;3;FIFA World Cup qualification;Bogotá;Colombia;0;-2;0;1;18;COL;5;ARG;13
29/6/2000;Ecuador;Peru;2;1;FIFA World Cup qualification;Quito;Ecuador;0;1;1;0;71;ECU;36;PER;35
18/7/2000;Paraguay;Brasil;2;1;FIFA World Cup qualification;Asunción;Paraguay;0;1;1;0;19;PAR;1;BRA;18
18/7/2000;Uruguay;Venezuela;3;1;FIFA World Cup qualification;Montevideo;Uruguay;0;2;1;0;35;URU;113;VEN;-78
19/7/2000;Argentina;Ecuador;2;0;FIFA World Cup qualification;Buenos Aires;Argentina;0;2;1;0;5;ARG;66;ECU;-61
19/7/2000;Bolivia;Chile;1;0;FIFA World Cup qualification;La Paz;Bolivia;0;1;1;0;72;BOL;22;CHI;50
19/7/2000;Peru;Colombia;0;1;FIFA World Cup qualification;Lima;Peru;0;-1;0;1;44;PER;17;COL;27
25/7/2000;Ecuador;Colombia;0;0;FIFA World Cup qualification;Quito;Ecuador;0;0;0;0;66;ECU;17;COL;49
25/7/2000;Venezuela;Chile;0;2;FIFA World Cup qualification;San Cristóbal;Venezuela;0;-2;0;1;113;VEN;22;CHI;91
26/7/2000;Brasil;Argentina;3;1;FIFA World Cup qualification;São Paulo;Brasil;0;2;1;0;1;BRA;5;ARG;-4
26/7/2000;Uruguay;Peru;0;0;FIFA World Cup qualification;Montevideo;Uruguay;0;0;0;0;35;URU;44;PER;-9
27/7/2000;Bolivia;Paraguay;0;0;FIFA World Cup qualification;La Paz;Bolivia;0;0;0;0;72;BOL;19;PAR;53
15/8/2000;Chile;Brasil;3;0;FIFA World Cup qualification;Santiago;Chile;0;3;1;0;22;CHI;1;BRA;21
15/8/2000;Colombia;Uruguay;1;0;FIFA World Cup qualification;Bogotá;Colombia;0;1;1;0;17;COL;36;URU;-19
16/8/2000;Argentina;Paraguay;1;1;FIFA World Cup qualification;Buenos Aires;Argentina;0;0;0;0;3;ARG;16;PAR;-13
16/8/2000;Ecuador;Bolivia;2;0;FIFA World Cup qualification;Quito;Ecuador;0;2;1;0;65;ECU;70;BOL;-5
16/8/2000;Peru;Venezuela;1;0;FIFA World Cup qualification;Lima;Peru;0;1;1;0;43;PER;113;VEN;-70
2/9/2000;Chile;Colombia;0;1;FIFA World Cup qualification;Santiago;Chile;0;-1;0;1;22;CHI;17;COL;5
2/9/2000;Paraguay;Venezuela;3;0;FIFA World Cup qualification;Asunción;Paraguay;0;3;1;0;16;PAR;113;VEN;-97
3/9/2000;Brasil;Bolivia;5;0;FIFA World Cup qualification;Rio de Janeiro;Brasil;0;5;1;0;1;BRA;70;BOL;-69
3/9/2000;Peru;Argentina;1;2;FIFA World Cup qualification;Lima;Peru;0;-1;0;1;43;PER;3;ARG;40
3/9/2000;Uruguay;Ecuador;4;0;FIFA World Cup qualification;Montevideo;Uruguay;0;4;1;0;36;URU;65;ECU;-29
7/10/2000;Colombia;Paraguay;0;2;FIFA World Cup qualification;Bogotá;Colombia;0;-2;0;1;17;COL;16;PAR;1
8/10/2000;Argentina;Uruguay;2;1;FIFA World Cup qualification;Buenos Aires;Argentina;0;1;1;0;3;ARG;32;URU;-29
8/10/2000;Bolivia;Peru;1;0;FIFA World Cup qualification;La Paz;Bolivia;0;1;1;0;70;BOL;40;PER;30
8/10/2000;Ecuador;Chile;1;0;FIFA World Cup qualification;Quito;Ecuador;0;1;1;0;60;ECU;20;CHI;40
8/10/2000;Venezuela;Brasil;0;6;FIFA World Cup qualification;Maracaibo;Venezuela;0;-6;0;1;107;VEN;1;BRA;106
20/10/2000;Japon;Qatar;1;1;AFC Asian Cup;Beirut;Lebanon;1;0;0;0;49;JPN;96;QAT;-47
15/11/2000;Bolivia;Uruguay;0;0;FIFA World Cup qualification;La Paz;Bolivia;0;0;0;0;66;BOL;36;URU;30
15/11/2000;Brasil;Colombia;1;0;FIFA World Cup qualification;São Paulo;Brasil;0;1;1;0;1;BRA;15;COL;-14
15/11/2000;Chile;Argentina;0;2;FIFA World Cup qualification;Santiago;Chile;0;-2;0;1;19;CHI;3;ARG;16
15/11/2000;Paraguay;Peru;5;1;FIFA World Cup qualification;Asunción;Paraguay;0;4;1;0;12;PAR;45;PER;-33
15/11/2000;Venezuela;Ecuador;1;2;FIFA World Cup qualification;Maracaibo;Venezuela;0;-1;0;1;111;VEN;58;ECU;53
27/3/2001;Colombia;Bolivia;2;0;FIFA World Cup qualification;Bogotá;Colombia;0;2;1;0;15;COL;66;BOL;-51
27/3/2001;Peru;Chile;3;1;FIFA World Cup qualification;Lima;Peru;0;2;1;0;48;PER;22;CHI;26
28/3/2001;Argentina;Venezuela;5;0;FIFA World Cup qualification;Buenos Aires;Argentina;0;5;1;0;3;ARG;111;VEN;-108
28/3/2001;Ecuador;Brasil;1;0;FIFA World Cup qualification;Quito;Ecuador;0;1;1;0;53;ECU;1;BRA;52
28/3/2001;Uruguay;Paraguay;0;1;FIFA World Cup qualification;Montevideo;Uruguay;0;-1;0;1;34;URU;8;PAR;26
24/4/2001;Chile;Uruguay;0;1;FIFA World Cup qualification;Santiago;Chile;0;-1;0;1;28;CHI;39;URU;-11
24/4/2001;Ecuador;Paraguay;2;1;FIFA World Cup qualification;Quito;Ecuador;0;1;1;0;51;ECU;9;PAR;42
24/4/2001;Venezuela;Colombia;2;2;FIFA World Cup qualification;San Cristóbal;Venezuela;0;0;0;0;113;VEN;15;COL;98
25/4/2001;Bolivia;Argentina;3;3;FIFA World Cup qualification;La Paz;Bolivia;0;0;0;0;70;BOL;3;ARG;67
25/4/2001;Brasil;Peru;1;1;FIFA World Cup qualification;São Paulo;Brasil;0;0;0;0;1;BRA;50;PER;-49
2/6/2001;Paraguay;Chile;1;0;FIFA World Cup qualification;Asunción;Paraguay;0;1;1;0;10;PAR;32;CHI;-22
2/6/2001;Peru;Ecuador;1;2;FIFA World Cup qualification;Lima;Peru;0;-1;0;1;51;PER;45;ECU;6
3/6/2001;Argentina;Colombia;3;0;FIFA World Cup qualification;Buenos Aires;Argentina;0;3;1;0;3;ARG;16;COL;-13
3/6/2001;Bolivia;Venezuela;5;0;FIFA World Cup qualification;La Paz;Bolivia;0;5;1;0;75;BOL;112;VEN;-37
4/6/2001;Japon;Brasil;0;0;Confederations Cup;Kashima;Japon;0;0;0;0;44;JPN;2;BRA;42
1/7/2001;Japon;Paraguay;2;0;Kirin Cup;Sapporo;Japon;0;2;1;0;33;JPN;10;PAR;23
1/7/2001;Uruguay;Brasil;1;0;FIFA World Cup qualification;Montevideo;Uruguay;0;1;1;0;40;URU;2;BRA;38
11/7/2001;Colombia;Venezuela;2;0;Copa América;Barranquilla;Colombia;0;2;1;0;18;COL;112;VEN;-94
11/7/2001;Ecuador;Chile;1;4;Copa América;Barranquilla;Colombia;1;-3;0;1;44;ECU;35;CHI;9
12/7/2001;Peru;Paraguay;3;3;Copa América;Cali;Colombia;1;0;0;0;57;PER;10;PAR;47
13/7/2001;Bolivia;Uruguay;0;1;Copa América;Medellín;Colombia;1;-1;0;1;66;BOL;40;URU;26
14/7/2001;Chile;Venezuela;1;0;Copa América;Barranquilla;Colombia;1;1;1;0;35;CHI;112;VEN;-77
14/7/2001;Colombia;Ecuador;1;0;Copa América;Barranquilla;Colombia;0;1;1;0;18;COL;44;ECU;-26
15/7/2001;Brasil;Peru;2;0;Copa América;Cali;Colombia;1;2;1;0;2;BRA;57;PER;-55
17/7/2001;Colombia;Chile;2;0;Copa América;Barranquilla;Colombia;0;2;1;0;18;COL;35;CHI;-17
17/7/2001;Ecuador;Venezuela;4;0;Copa América;Barranquilla;Colombia;1;4;1;0;44;ECU;112;VEN;-68
18/7/2001;Brasil;Paraguay;3;1;Copa América;Cali;Colombia;1;2;1;0;2;BRA;8;PAR;-6
23/7/2001;Colombia;Peru;3;0;Copa América;Armenia;Colombia;0;3;1;0;14;COL;53;PER;-39
14/8/2001;Chile;Bolivia;2;2;FIFA World Cup qualification;Santiago;Chile;0;0;0;0;31;CHI;69;BOL;-38
14/8/2001;Venezuela;Uruguay;2;0;FIFA World Cup qualification;Maracaibo;Venezuela;0;2;1;0;116;VEN;30;URU;86
15/8/2001;Brasil;Paraguay;2;0;FIFA World Cup qualification;Porto Alegre;Brasil;0;2;1;0;2;BRA;8;PAR;-6
15/8/2001;Ecuador;Argentina;0;2;FIFA World Cup qualification;Quito;Ecuador;0;-2;0;1;50;ECU;3;ARG;47
16/8/2001;Colombia;Peru;0;1;FIFA World Cup qualification;Bogotá;Colombia;0;-1;0;1;14;COL;53;PER;-39
4/9/2001;Chile;Venezuela;0;2;FIFA World Cup qualification;Santiago;Chile;0;-2;0;1;35;CHI;110;VEN;-75
4/9/2001;Peru;Uruguay;0;2;FIFA World Cup qualification;Lima;Peru;0;-2;0;1;43;PER;24;URU;19
5/9/2001;Argentina;Brasil;2;1;FIFA World Cup qualification;Buenos Aires;Argentina;0;1;1;0;3;ARG;2;BRA;1
5/9/2001;Colombia;Ecuador;0;0;FIFA World Cup qualification;Bogotá;Colombia;0;0;0;0;6;COL;47;ECU;-41
5/9/2001;Paraguay;Bolivia;5;1;FIFA World Cup qualification;Asunción;Paraguay;0;4;1;0;11;PAR;79;BOL;-68
6/10/2001;Bolivia;Ecuador;1;5;FIFA World Cup qualification;La Paz;Bolivia;0;-4;0;1;78;BOL;46;ECU;32
6/10/2001;Venezuela;Peru;3;0;FIFA World Cup qualification;San Cristóbal;Venezuela;0;3;1;0;104;VEN;44;PER;60
7/10/2001;Brasil;Chile;2;0;FIFA World Cup qualification;Curitiba;Brasil;0;2;1;0;2;BRA;37;CHI;-35
7/10/2001;Paraguay;Argentina;2;2;FIFA World Cup qualification;Asunción;Paraguay;0;0;0;0;11;PAR;3;ARG;8
7/10/2001;Uruguay;Colombia;1;1;FIFA World Cup qualification;Montevideo;Uruguay;0;0;0;0;21;URU;7;COL;14
7/11/2001;Bolivia;Brasil;3;1;FIFA World Cup qualification;La Paz;Bolivia;0;2;1;0;81;BOL;2;BRA;79
7/11/2001;Colombia;Chile;3;1;FIFA World Cup qualification;Bogotá;Colombia;0;2;1;0;8;COL;37;CHI;-29
7/11/2001;Ecuador;Uruguay;1;1;FIFA World Cup qualification;Quito;Ecuador;0;0;0;0;39;ECU;23;URU;16
8/11/2001;Argentina;Peru;2;0;FIFA World Cup qualification;Buenos Aires;Argentina;0;2;1;0;3;ARG;45;PER;-42
8/11/2001;Venezuela;Paraguay;3;1;FIFA World Cup qualification;San Cristóbal;Venezuela;0;2;1;0;89;VEN;13;PAR;76
14/11/2001;Brasil;Venezuela;3;0;FIFA World Cup qualification;São Luís;Brasil;0;3;1;0;2;BRA;89;VEN;-87
14/11/2001;Chile;Ecuador;0;0;FIFA World Cup qualification;Santiago;Chile;0;0;0;0;37;CHI;39;ECU;-2
14/11/2001;Paraguay;Colombia;0;4;FIFA World Cup qualification;Asunción;Paraguay;0;-4;0;1;13;PAR;8;COL;5
14/11/2001;Peru;Bolivia;1;1;FIFA World Cup qualification;Lima;Peru;0;0;0;0;45;PER;81;BOL;-36
14/11/2001;Uruguay;Argentina;1;1;FIFA World Cup qualification;Montevideo;Uruguay;0;0;0;0;23;URU;3;ARG;20
31/1/2002;Brasil;Bolivia;6;0;Friendly;Goiânia;Brasil;0;6;1;0;3;BRA;70;BOL;-67
13/2/2002;Paraguay;Bolivia;2;2;Friendly;Ciudad del Este;Paraguay;0;0;0;0;14;PAR;71;BOL;-57
7/5/2002;Venezuela;Colombia;0;0;Friendly;Caracas;Venezuela;0;0;0;0;83;VEN;4;COL;79
21/8/2002;Brasil;Paraguay;0;1;Friendly;Fortaleza;Brasil;0;-1;0;1;1;BRA;19;PAR;-18
21/8/2002;Venezuela;Bolivia;2;0;Friendly;Caracas;Venezuela;0;2;1;0;75;VEN;72;BOL;3
20/10/2002;Venezuela;Ecuador;2;0;Friendly;Caracas;Venezuela;0;2;1;0;80;VEN;31;ECU;49
20/11/2002;Japon;Argentina;0;2;Friendly;Saitama;Japon;0;-2;0;1;22;JPN;5;ARG;17
20/11/2002;Venezuela;Uruguay;1;0;Friendly;Caracas;Venezuela;0;1;1;0;77;VEN;23;URU;54
28/3/2003;Japon;Uruguay;2;2;Friendly;Tokyo;Japon;0;0;0;0;25;JPN;27;URU;-2
30/3/2003;Chile;Peru;2;0;Friendly;Santiago;Chile;0;2;1;0;77;CHI;85;PER;-8
2/4/2003;Peru;Chile;3;0;Friendly;Lima;Peru;0;3;1;0;85;PER;77;CHI;8
30/4/2003;Peru;Paraguay;0;1;Friendly;Lima;Peru;0;-1;0;1;78;PER;19;PAR;59
8/6/2003;Colombia;Ecuador;0;0;Friendly;Madrid;Spain;1;0;0;0;39;COL;33;ECU;6
8/6/2003;Japon;Argentina;1;4;Kirin Cup;Osaka;Japon;0;-3;0;1;23;JPN;5;ARG;18
11/6/2003;Ecuador;Peru;2;2;Friendly;East Rutherford;USA;1;0;0;0;33;ECU;81;PER;-48
11/6/2003;Japon;Paraguay;0;0;Kirin Cup;Saitama;Japon;0;0;0;0;23;JPN;19;PAR;4
22/6/2003;Japon;Colombia;0;1;Confederations Cup;Saint-Étienne;France;1;-1;0;1;23;JPN;39;COL;-16
26/6/2003;Peru;Venezuela;1;0;Friendly;Miami;USA;1;1;1;0;80;PER;55;VEN;25
16/7/2003;Argentina;Uruguay;2;2;Friendly;La Plata;Argentina;0;0;0;0;4;ARG;31;URU;-27
19/7/2003;Colombia;Brasil;0;2;Gold Cup;Miami;USA;1;-2;0;1;22;COL;1;BRA;21
24/7/2003;Peru;Uruguay;3;4;Friendly;Lima;Peru;0;-1;0;1;80;PER;31;URU;49
30/7/2003;Uruguay;Peru;1;0;Friendly;Montevideo;Uruguay;0;1;1;0;26;URU;71;PER;-45
20/8/2003;Argentina;Uruguay;3;2;Friendly;Florence;Italy;1;1;1;0;6;ARG;26;URU;-20
6/9/2003;Argentina;Chile;2;2;FIFA World Cup qualification;Buenos Aires;Argentina;0;0;0;0;6;ARG;73;CHI;-67
6/9/2003;Ecuador;Venezuela;2;0;FIFA World Cup qualification;Quito;Ecuador;0;2;1;0;37;ECU;60;VEN;-23
6/9/2003;Peru;Paraguay;4;1;FIFA World Cup qualification;Lima;Peru;0;3;1;0;71;PER;21;PAR;50
7/9/2003;Colombia;Brasil;1;2;FIFA World Cup qualification;Barranquilla;Colombia;0;-1;0;1;24;COL;1;BRA;23
7/9/2003;Uruguay;Bolivia;5;0;FIFA World Cup qualification;Montevideo;Uruguay;0;5;1;0;24;URU;114;BOL;-90
9/9/2003;Chile;Peru;2;1;FIFA World Cup qualification;Santiago;Chile;0;1;1;0;73;CHI;71;PER;2
9/9/2003;Venezuela;Argentina;0;3;FIFA World Cup qualification;Caracas;Venezuela;0;-3;0;1;60;VEN;6;ARG;54
10/9/2003;Bolivia;Colombia;4;0;FIFA World Cup qualification;La Paz;Bolivia;0;4;1;0;114;BOL;24;COL;90
10/9/2003;Brasil;Ecuador;1;0;FIFA World Cup qualification;Manaus;Brasil;0;1;1;0;1;BRA;37;ECU;-36
10/9/2003;Paraguay;Uruguay;4;1;FIFA World Cup qualification;Asunción;Paraguay;0;3;1;0;21;PAR;24;URU;-3
15/11/2003;Argentina;Bolivia;3;0;FIFA World Cup qualification;Buenos Aires;Argentina;0;3;1;0;4;ARG;95;BOL;-91
15/11/2003;Colombia;Venezuela;0;1;FIFA World Cup qualification;Barranquilla;Colombia;0;-1;0;1;36;COL;67;VEN;-31
15/11/2003;Paraguay;Ecuador;2;1;FIFA World Cup qualification;Asunción;Paraguay;0;1;1;0;24;PAR;35;ECU;-11
15/11/2003;Uruguay;Chile;2;1;FIFA World Cup qualification;Montevideo;Uruguay;0;1;1;0;22;URU;59;CHI;-37
16/11/2003;Peru;Brasil;1;1;FIFA World Cup qualification;Lima;Peru;0;0;0;0;72;PER;1;BRA;71
18/11/2003;Chile;Paraguay;0;1;FIFA World Cup qualification;Santiago;Chile;0;-1;0;1;59;CHI;24;PAR;35
18/11/2003;Venezuela;Bolivia;2;1;FIFA World Cup qualification;Maracaibo;Venezuela;0;1;1;0;67;VEN;95;BOL;-28
19/11/2003;Brasil;Uruguay;3;3;FIFA World Cup qualification;Curitiba;Brasil;0;0;0;0;1;BRA;20;URU;-19
19/11/2003;Colombia;Argentina;1;1;FIFA World Cup qualification;Barranquilla;Colombia;0;0;0;0;41;COL;4;ARG;37
19/11/2003;Ecuador;Peru;0;0;FIFA World Cup qualification;Quito;Ecuador;0;0;0;0;36;ECU;68;PER;-32
30/3/2004;Argentina;Ecuador;1;0;FIFA World Cup qualification;Buenos Aires;Argentina;0;1;1;0;6;ARG;40;ECU;-34
30/3/2004;Bolivia;Chile;0;2;FIFA World Cup qualification;La Paz;Bolivia;0;-2;0;1;103;BOL;80;CHI;23
31/3/2004;Paraguay;Brasil;0;0;FIFA World Cup qualification;Asunción;Paraguay;0;0;0;0;26;PAR;1;BRA;25
31/3/2004;Peru;Colombia;0;2;FIFA World Cup qualification;Lima;Peru;0;-2;0;1;79;PER;41;COL;38
31/3/2004;Uruguay;Venezuela;0;3;FIFA World Cup qualification;Montevideo;Uruguay;0;-3;0;1;23;URU;54;VEN;-31
28/4/2004;Chile;Peru;1;1;Friendly;Antofagasta;Chile;0;0;0;0;71;CHI;81;PER;-10
1/6/2004;Bolivia;Paraguay;2;1;FIFA World Cup qualification;La Paz;Bolivia;0;1;1;0;103;BOL;25;PAR;78
1/6/2004;Uruguay;Peru;1;3;FIFA World Cup qualification;Montevideo;Uruguay;0;-2;0;1;25;URU;81;PER;-56
1/6/2004;Venezuela;Chile;0;1;FIFA World Cup qualification;San Cristóbal;Venezuela;0;-1;0;1;49;VEN;77;CHI;-28
2/6/2004;Brasil;Argentina;3;1;FIFA World Cup qualification;Belo Horizonte;Brasil;0;2;1;0;1;BRA;5;ARG;-4
2/6/2004;Ecuador;Colombia;2;1;FIFA World Cup qualification;Quito;Ecuador;0;1;1;0;41;ECU;36;COL;5
5/6/2004;Ecuador;Bolivia;3;2;FIFA World Cup qualification;Quito;Ecuador;0;1;1;0;41;ECU;103;BOL;-62
6/6/2004;Argentina;Paraguay;0;0;FIFA World Cup qualification;Buenos Aires;Argentina;0;0;0;0;5;ARG;25;PAR;-20
6/6/2004;Chile;Brasil;1;1;FIFA World Cup qualification;Santiago;Chile;0;0;0;0;77;CHI;1;BRA;76
6/6/2004;Colombia;Uruguay;5;0;FIFA World Cup qualification;Barranquilla;Colombia;0;5;1;0;36;COL;25;URU;11
6/6/2004;Peru;Venezuela;0;0;FIFA World Cup qualification;Lima;Peru;0;0;0;0;81;PER;49;VEN;32
27/6/2004;Argentina;Colombia;0;2;Friendly;Miami;USA;1;-2;0;1;5;ARG;37;COL;-32
30/6/2004;Argentina;Peru;2;1;Friendly;East Rutherford;USA;1;1;1;0;5;ARG;72;PER;-67
6/7/2004;Peru;Bolivia;2;2;Copa América;Lima;Peru;0;0;0;0;72;PER;97;BOL;-25
6/7/2004;Venezuela;Colombia;0;1;Copa América;Lima;Peru;1;-1;0;1;50;VEN;37;COL;13
7/7/2004;Argentina;Ecuador;6;1;Copa América;Chiclayo;Peru;1;5;1;0;11;ARG;37;ECU;-26
8/7/2004;Brasil;Chile;1;0;Copa América;Arequipa;Peru;1;1;1;0;1;BRA;66;CHI;-65
9/7/2004;Colombia;Bolivia;1;0;Copa América;Lima;Peru;1;1;1;0;36;COL;99;BOL;-63
9/7/2004;Peru;Venezuela;3;1;Copa América;Lima;Peru;0;2;1;0;75;PER;50;VEN;25
10/7/2004;Uruguay;Ecuador;2;1;Copa América;Chiclayo;Peru;1;1;1;0;32;URU;37;ECU;-5
11/7/2004;Paraguay;Chile;1;1;Copa América;Arequipa;Peru;1;0;0;0;29;PAR;66;CHI;-37
12/7/2004;Peru;Colombia;2;2;Copa América;Trujillo;Peru;0;0;0;0;75;PER;36;COL;39
12/7/2004;Venezuela;Bolivia;1;1;Copa América;Trujillo;Peru;1;0;0;0;50;VEN;99;BOL;-49
13/7/2004;Argentina;Uruguay;4;2;Copa América;Piura;Peru;1;2;1;0;11;ARG;32;URU;-21
14/7/2004;Brasil;Paraguay;1;2;Copa América;Arequipa;Peru;1;-1;0;1;1;BRA;29;PAR;-28
17/7/2004;Peru;Argentina;0;1;Copa América;Chiclayo;Peru;0;-1;0;1;75;PER;11;ARG;64
18/7/2004;Paraguay;Uruguay;1;3;Copa América;Tacna;Peru;1;-2;0;1;29;PAR;32;URU;-3
20/7/2004;Argentina;Colombia;3;0;Copa América;Lima;Peru;1;3;1;0;11;ARG;36;COL;-25
21/7/2004;Uruguay;Brasil;1;1;Copa América;Lima;Peru;1;0;0;0;32;URU;1;BRA;31
24/7/2004;Colombia;Uruguay;1;2;Copa América;Cusco;Peru;1;-1;0;1;36;COL;32;URU;4
25/7/2004;Argentina;Brasil;2;2;Copa América;Lima;Peru;1;0;0;0;11;ARG;1;BRA;10
18/8/2004;Japon;Argentina;1;2;Friendly;Fukuroi;Japon;0;-1;0;1;20;JPN;4;ARG;16
4/9/2004;Peru;Argentina;1;3;FIFA World Cup qualification;Lima;Peru;0;-2;0;1;63;PER;4;ARG;59
5/9/2004;Brasil;Bolivia;3;1;FIFA World Cup qualification;São Paulo;Brasil;0;2;1;0;1;BRA;93;BOL;-92
5/9/2004;Chile;Colombia;0;0;FIFA World Cup qualification;Santiago;Chile;0;0;0;0;66;CHI;28;COL;38
5/9/2004;Paraguay;Venezuela;1;0;FIFA World Cup qualification;Asunción;Paraguay;0;1;1;0;23;PAR;55;VEN;-32
5/9/2004;Uruguay;Ecuador;1;0;FIFA World Cup qualification;Montevideo;Uruguay;0;1;1;0;19;URU;42;ECU;-23
9/10/2004;Argentina;Uruguay;4;2;FIFA World Cup qualification;Buenos Aires;Argentina;0;2;1;0;3;ARG;17;URU;-14
9/10/2004;Bolivia;Peru;1;0;FIFA World Cup qualification;La Paz;Bolivia;0;1;1;0;99;BOL;68;PER;31
9/10/2004;Colombia;Paraguay;1;1;FIFA World Cup qualification;Barranquilla;Colombia;0;0;0;0;28;COL;23;PAR;5
9/10/2004;Venezuela;Brasil;2;5;FIFA World Cup qualification;Maracaibo;Venezuela;0;-3;0;1;59;VEN;1;BRA;58
10/10/2004;Ecuador;Chile;2;0;FIFA World Cup qualification;Quito;Ecuador;0;2;1;0;48;ECU;79;CHI;-31
12/10/2004;Bolivia;Uruguay;0;0;FIFA World Cup qualification;La Paz;Bolivia;0;0;0;0;99;BOL;17;URU;82
13/10/2004;Brasil;Colombia;0;0;FIFA World Cup qualification;Maceió;Brasil;0;0;0;0;1;BRA;28;COL;-27
13/10/2004;Chile;Argentina;0;0;FIFA World Cup qualification;Santiago;Chile;0;0;0;0;79;CHI;3;ARG;76
13/10/2004;Paraguay;Peru;1;1;FIFA World Cup qualification;Asunción;Paraguay;0;0;0;0;23;PAR;68;PER;-45
14/10/2004;Venezuela;Ecuador;3;1;FIFA World Cup qualification;San Cristóbal;Venezuela;0;2;1;0;59;VEN;48;ECU;11
17/11/2004;Argentina;Venezuela;3;2;FIFA World Cup qualification;Buenos Aires;Argentina;0;1;1;0;3;ARG;52;VEN;-49
17/11/2004;Colombia;Bolivia;1;0;FIFA World Cup qualification;Barranquilla;Colombia;0;1;1;0;28;COL;94;BOL;-66
17/11/2004;Ecuador;Brasil;1;0;FIFA World Cup qualification;Quito;Ecuador;0;1;1;0;44;ECU;1;BRA;43
17/11/2004;Peru;Chile;2;1;FIFA World Cup qualification;Lima;Peru;0;1;1;0;70;PER;80;CHI;-10
17/11/2004;Uruguay;Paraguay;1;0;FIFA World Cup qualification;Montevideo;Uruguay;0;1;1;0;19;URU;24;PAR;-5
9/2/2005;Chile;Ecuador;3;0;Friendly;Viña del Mar;Chile;0;3;1;0;75;CHI;39;ECU;36
26/3/2005;Bolivia;Argentina;1;2;FIFA World Cup qualification;La Paz;Bolivia;0;-1;0;1;96;BOL;3;ARG;93
26/3/2005;Chile;Uruguay;1;1;FIFA World Cup qualification;Santiago;Chile;0;0;0;0;74;CHI;15;URU;59
26/3/2005;Venezuela;Colombia;0;0;FIFA World Cup qualification;Maracaibo;Venezuela;0;0;0;0;65;VEN;26;COL;39
27/3/2005;Brasil;Peru;1;0;FIFA World Cup qualification;Goiânia;Brasil;0;1;1;0;1;BRA;70;PER;-69
27/3/2005;Ecuador;Paraguay;5;2;FIFA World Cup qualification;Quito;Ecuador;0;3;1;0;36;ECU;28;PAR;8
29/3/2005;Bolivia;Venezuela;3;1;FIFA World Cup qualification;La Paz;Bolivia;0;2;1;0;96;BOL;65;VEN;31
30/3/2005;Argentina;Colombia;1;0;FIFA World Cup qualification;Buenos Aires;Argentina;0;1;1;0;3;ARG;26;COL;-23
30/3/2005;Paraguay;Chile;2;1;FIFA World Cup qualification;Asunción;Paraguay;0;1;1;0;28;PAR;74;CHI;-46
30/3/2005;Peru;Ecuador;2;2;FIFA World Cup qualification;Lima;Peru;0;0;0;0;70;PER;36;ECU;34
30/3/2005;Uruguay;Brasil;1;1;FIFA World Cup qualification;Montevideo;Uruguay;0;0;0;0;15;URU;1;BRA;14
4/5/2005;Ecuador;Paraguay;1;0;Friendly;East Rutherford;USA;1;1;1;0;34;ECU;28;PAR;6
22/5/2005;Japon;Peru;0;1;Kirin Cup;Niigata;Japon;0;-1;0;1;17;JPN;66;PER;-49
4/6/2005;Chile;Bolivia;3;1;FIFA World Cup qualification;Santiago;Chile;0;2;1;0;76;CHI;94;BOL;-18
4/6/2005;Colombia;Peru;5;0;FIFA World Cup qualification;Barranquilla;Colombia;0;5;1;0;28;COL;66;PER;-38
4/6/2005;Ecuador;Argentina;2;0;FIFA World Cup qualification;Quito;Ecuador;0;2;1;0;34;ECU;3;ARG;31
4/6/2005;Venezuela;Uruguay;1;1;FIFA World Cup qualification;Maracaibo;Venezuela;0;0;0;0;70;VEN;16;URU;54
5/6/2005;Brasil;Paraguay;4;1;FIFA World Cup qualification;Porto Alegre;Brasil;0;3;1;0;1;BRA;29;PAR;-28
7/6/2005;Peru;Uruguay;0;0;FIFA World Cup qualification;Lima;Peru;0;0;0;0;66;PER;16;URU;50
8/6/2005;Argentina;Brasil;3;1;FIFA World Cup qualification;Buenos Aires;Argentina;0;2;1;0;3;ARG;1;BRA;2
8/6/2005;Chile;Venezuela;2;1;FIFA World Cup qualification;Santiago;Chile;0;1;1;0;76;CHI;70;VEN;6
8/6/2005;Colombia;Ecuador;3;0;FIFA World Cup qualification;Barranquilla;Colombia;0;3;1;0;28;COL;34;ECU;-6
8/6/2005;Paraguay;Bolivia;4;1;FIFA World Cup qualification;Asunción;Paraguay;0;3;1;0;29;PAR;94;BOL;-65
22/6/2005;Japon;Brasil;2;2;Confederations Cup;Cologne;Germany;1;0;0;0;18;JPN;1;BRA;17
29/6/2005;Brasil;Argentina;4;1;Confederations Cup;Frankfurt am Main;Germany;1;3;1;0;1;BRA;3;ARG;-2
17/8/2005;Ecuador;Venezuela;3;1;Friendly;Loja;Ecuador;0;2;1;0;33;ECU;67;VEN;-34
17/8/2005;Peru;Chile;3;1;Friendly;Tacna;Peru;0;2;1;0;75;PER;73;CHI;2
3/9/2005;Bolivia;Ecuador;1;2;FIFA World Cup qualification;La Paz;Bolivia;0;-1;0;1;100;BOL;33;ECU;67
3/9/2005;Paraguay;Argentina;1;0;FIFA World Cup qualification;Asunción;Paraguay;0;1;1;0;35;PAR;2;ARG;33
3/9/2005;Venezuela;Peru;4;1;FIFA World Cup qualification;Maracaibo;Venezuela;0;3;1;0;67;VEN;75;PER;-8
4/9/2005;Brasil;Chile;5;0;FIFA World Cup qualification;Brasília;Brasil;0;5;1;0;1;BRA;73;CHI;-72
4/9/2005;Uruguay;Colombia;3;2;FIFA World Cup qualification;Montevideo;Uruguay;0;1;1;0;25;URU;24;COL;1
8/10/2005;Colombia;Chile;1;1;FIFA World Cup qualification;Barranquilla;Colombia;0;0;0;0;26;COL;76;CHI;-50
8/10/2005;Ecuador;Uruguay;0;0;FIFA World Cup qualification;Quito;Ecuador;0;0;0;0;33;ECU;25;URU;8
8/10/2005;Venezuela;Paraguay;0;1;FIFA World Cup qualification;Maracaibo;Venezuela;0;-1;0;1;57;VEN;34;PAR;23
9/10/2005;Argentina;Peru;2;0;FIFA World Cup qualification;Buenos Aires;Argentina;0;2;1;0;3;ARG;70;PER;-67
9/10/2005;Bolivia;Brasil;1;1;FIFA World Cup qualification;La Paz;Bolivia;0;0;0;0;100;BOL;1;BRA;99
12/10/2005;Brasil;Venezuela;3;0;FIFA World Cup qualification;Belém;Brasil;0;3;1;0;1;BRA;57;VEN;-56
12/10/2005;Chile;Ecuador;0;0;FIFA World Cup qualification;Santiago;Chile;0;0;0;0;76;CHI;33;ECU;43
12/10/2005;Paraguay;Colombia;0;1;FIFA World Cup qualification;Asunción;Paraguay;0;-1;0;1;34;PAR;26;COL;8
12/10/2005;Peru;Bolivia;4;1;FIFA World Cup qualification;Tacna;Peru;0;3;1;0;70;PER;100;BOL;-30
12/10/2005;Uruguay;Argentina;1;0;FIFA World Cup qualification;Montevideo;Uruguay;0;1;1;0;25;URU;3;ARG;22
16/11/2005;Qatar;Argentina;0;3;Friendly;Doha;Qatar;0;-3;0;1;77;QAT;4;ARG;73
1/3/2006;Venezuela;Colombia;1;1;Friendly;Maracaibo;Venezuela;0;0;0;0;69;VEN;27;COL;42
30/3/2006;Japon;Ecuador;1;0;Friendly;?ita;Japon;0;1;1;0;18;JPN;38;ECU;-20
24/5/2006;Colombia;Ecuador;1;1;Friendly;East Rutherford;USA;1;0;0;0;27;COL;39;ECU;-12
22/6/2006;Japon;Brasil;1;4;FIFA World Cup;Dortmund;Germany;1;-3;0;1;18;JPN;1;BRA;17
16/8/2006;Chile;Colombia;1;2;Friendly;Santiago;Chile;0;-1;0;1;44;CHI;29;COL;15
3/9/2006;Argentina;Brasil;0;3;Friendly;London;England;1;-3;0;1;3;ARG;1;BRA;2
6/9/2006;Ecuador;Peru;1;1;Friendly;East Rutherford;USA;1;0;0;0;27;ECU;41;PER;-14
27/9/2006;Venezuela;Uruguay;1;0;Friendly;Maracaibo;Venezuela;0;1;1;0;80;VEN;15;URU;65
7/10/2006;Chile;Peru;3;2;Copa del Pacífico;Viña del Mar;Chile;0;1;1;0;45;CHI;46;PER;-1
10/10/2006;Brasil;Ecuador;2;1;Friendly;Solna;Sweden;1;1;1;0;1;BRA;30;ECU;-29
11/10/2006;Peru;Chile;0;1;Copa del Pacífico;Tacna;Peru;0;-1;0;1;46;PER;45;CHI;1
18/10/2006;Uruguay;Venezuela;4;0;Friendly;Montevideo;Uruguay;0;4;1;0;17;URU;72;VEN;-55
15/11/2006;Chile;Paraguay;3;2;Friendly;Viña del Mar;Chile;0;1;1;0;44;CHI;29;PAR;15
7/2/2007;Colombia;Uruguay;1;3;Friendly;Cúcuta;Colombia;0;-2;0;1;34;COL;30;URU;4
7/2/2007;Venezuela;Chile;0;1;Friendly;Maracaibo;Venezuela;0;-1;0;1;73;VEN;40;CHI;33
24/3/2007;Brasil;Chile;4;0;Friendly;Gothenburg;Sweden;1;4;1;0;3;BRA;32;CHI;-29
24/3/2007;Japon;Peru;2;0;Friendly;Yokohama;Japon;0;2;1;0;42;JPN;70;PER;-28
28/3/2007;Colombia;Paraguay;2;0;Friendly;Bogotá;Colombia;0;2;1;0;31;COL;29;PAR;2
18/4/2007;Argentina;Chile;0;0;Friendly;Mendoza;Argentina;0;0;0;0;2;ARG;37;CHI;-35
3/6/2007;Ecuador;Peru;1;2;Friendly;Madrid;Spain;1;-1;0;1;30;ECU;71;PER;-41
5/6/2007;Japon;Colombia;0;0;Kirin Cup;Saitama;Japon;0;0;0;0;44;JPN;26;COL;18
6/6/2007;Ecuador;Peru;2;0;Friendly;Barcelona;Spain;1;2;1;0;30;ECU;71;PER;-41
20/6/2007;Bolivia;Paraguay;0;0;Friendly;Santa Cruz;Bolivia;0;0;0;0;92;BOL;37;PAR;55
23/6/2007;Colombia;Ecuador;3;1;Friendly;Barranquilla;Colombia;0;2;1;0;31;COL;44;ECU;-13
26/6/2007;Uruguay;Peru;0;3;Copa América;Mérida;Venezuela;1;-3;0;1;30;URU;64;PER;-34
26/6/2007;Venezuela;Bolivia;2;2;Copa América;San Cristóbal;Venezuela;0;0;0;0;70;VEN;92;BOL;-22
27/6/2007;Ecuador;Chile;2;3;Copa América;Puerto Ordaz;Venezuela;1;-1;0;1;44;ECU;53;CHI;-9
28/6/2007;Paraguay;Colombia;5;0;Copa América;Barinas;Venezuela;1;5;1;0;37;PAR;31;COL;6
30/6/2007;Bolivia;Uruguay;0;1;Copa América;San Cristóbal;Venezuela;1;-1;0;1;92;BOL;30;URU;62
30/6/2007;Venezuela;Peru;2;0;Copa América;San Cristóbal;Venezuela;0;2;1;0;70;VEN;64;PER;6
1/7/2007;Brasil;Chile;3;0;Copa América;Maturín;Venezuela;1;3;1;0;3;BRA;53;CHI;-50
2/7/2007;Argentina;Colombia;4;2;Copa América;Maracaibo;Venezuela;1;2;1;0;5;ARG;31;COL;-26
3/7/2007;Peru;Bolivia;2;2;Copa América;Mérida;Venezuela;1;0;0;0;64;PER;92;BOL;-28
3/7/2007;Venezuela;Uruguay;0;0;Copa América;Mérida;Venezuela;0;0;0;0;70;VEN;30;URU;40
4/7/2007;Brasil;Ecuador;1;0;Copa América;Puerto la Cruz;Venezuela;1;1;1;0;3;BRA;44;ECU;-41
5/7/2007;Argentina;Paraguay;1;0;Copa América;Barquisimeto;Venezuela;1;1;1;0;5;ARG;37;PAR;-32
7/7/2007;Chile;Brasil;1;6;Copa América;Puerto la Cruz;Venezuela;1;-5;0;1;53;CHI;3;BRA;50
7/7/2007;Venezuela;Uruguay;1;4;Copa América;San Cristóbal;Venezuela;0;-3;0;1;70;VEN;30;URU;40
8/7/2007;Argentina;Peru;4;0;Copa América;Barquisimeto;Venezuela;1;4;1;0;5;ARG;64;PER;-59
9/7/2007;Japon;Qatar;1;1;AFC Asian Cup;Hanoi;Vietnam;1;0;0;0;40;JPN;85;QAT;-45
10/7/2007;Uruguay;Brasil;2;2;Copa América;Maracaibo;Venezuela;1;0;0;0;30;URU;3;BRA;27
15/7/2007;Brasil;Argentina;3;0;Copa América;Maracaibo;Venezuela;1;3;1;0;3;BRA;5;ARG;-2
22/8/2007;Ecuador;Bolivia;1;0;Friendly;Quito;Ecuador;0;1;1;0;55;ECU;68;BOL;-13
22/8/2007;Paraguay;Venezuela;1;1;Friendly;Asunción;Paraguay;0;0;0;0;31;PAR;56;VEN;-25
8/9/2007;Peru;Colombia;2;2;Friendly;Lima;Peru;0;0;0;0;54;PER;31;COL;23
8/9/2007;Venezuela;Paraguay;3;2;Friendly;Puerto Ordaz;Venezuela;0;1;1;0;56;VEN;31;PAR;25
12/9/2007;Colombia;Paraguay;1;0;Friendly;Bogotá;Colombia;0;1;1;0;31;COL;31;PAR;0
12/9/2007;Peru;Bolivia;2;0;Friendly;Lima;Peru;0;2;1;0;54;PER;68;BOL;-14
13/10/2007;Argentina;Chile;2;0;FIFA World Cup qualification;Buenos Aires;Argentina;0;2;1;0;2;ARG;47;CHI;-45
13/10/2007;Ecuador;Venezuela;0;1;FIFA World Cup qualification;Quito;Ecuador;0;-1;0;1;57;ECU;58;VEN;-1
13/10/2007;Peru;Paraguay;0;0;FIFA World Cup qualification;Lima;Peru;0;0;0;0;52;PER;31;PAR;21
13/10/2007;Uruguay;Bolivia;5;0;FIFA World Cup qualification;Montevideo;Uruguay;0;5;1;0;19;URU;90;BOL;-71
14/10/2007;Colombia;Brasil;0;0;FIFA World Cup qualification;Bogotá;Colombia;0;0;0;0;24;COL;3;BRA;21
16/10/2007;Venezuela;Argentina;0;2;FIFA World Cup qualification;Maracaibo;Venezuela;0;-2;0;1;58;VEN;2;ARG;56
17/10/2007;Bolivia;Colombia;0;0;FIFA World Cup qualification;La Paz;Bolivia;0;0;0;0;90;BOL;24;COL;66
17/10/2007;Brasil;Ecuador;5;0;FIFA World Cup qualification;Rio de Janeiro;Brasil;0;5;1;0;3;BRA;57;ECU;-54
17/10/2007;Chile;Peru;2;0;FIFA World Cup qualification;Santiago;Chile;0;2;1;0;47;CHI;52;PER;-5
17/10/2007;Paraguay;Uruguay;1;0;FIFA World Cup qualification;Asunción;Paraguay;0;1;1;0;31;PAR;19;URU;12
17/11/2007;Argentina;Bolivia;3;0;FIFA World Cup qualification;Buenos Aires;Argentina;0;3;1;0;1;ARG;107;BOL;-106
17/11/2007;Colombia;Venezuela;1;0;FIFA World Cup qualification;Bogotá;Colombia;0;1;1;0;25;COL;56;VEN;-31
17/11/2007;Paraguay;Ecuador;5;1;FIFA World Cup qualification;Asunción;Paraguay;0;4;1;0;26;PAR;59;ECU;-33
18/11/2007;Peru;Brasil;1;1;FIFA World Cup qualification;Lima;Peru;0;0;0;0;61;PER;2;BRA;59
18/11/2007;Uruguay;Chile;2;2;FIFA World Cup qualification;Montevideo;Uruguay;0;0;0;0;17;URU;45;CHI;-28
20/11/2007;Colombia;Argentina;2;1;FIFA World Cup qualification;Bogotá;Colombia;0;1;1;0;25;COL;1;ARG;24
20/11/2007;Venezuela;Bolivia;5;3;FIFA World Cup qualification;San Cristóbal;Venezuela;0;2;1;0;56;VEN;107;BOL;-51
21/11/2007;Brasil;Uruguay;2;1;FIFA World Cup qualification;São Paulo;Brasil;0;1;1;0;2;BRA;17;URU;-15
21/11/2007;Chile;Paraguay;0;3;FIFA World Cup qualification;Santiago;Chile;0;-3;0;1;45;CHI;26;PAR;19
21/11/2007;Ecuador;Peru;5;1;FIFA World Cup qualification;Quito;Ecuador;0;4;1;0;59;ECU;61;PER;-2
26/1/2008;Japon;Chile;0;0;Friendly;Tokyo;Japon;0;0;0;0;34;JPN;45;CHI;-11
6/2/2008;Bolivia;Peru;2;1;Friendly;La Paz;Bolivia;0;1;1;0;106;BOL;63;PER;43
6/2/2008;Uruguay;Colombia;2;2;Friendly;Montevideo;Uruguay;0;0;0;0;28;URU;17;COL;11
26/3/2008;Venezuela;Bolivia;0;1;Friendly;Puerto la Cruz;Venezuela;0;-1;0;1;57;VEN;99;BOL;-42
30/4/2008;Colombia;Venezuela;5;2;Friendly;Bucaramanga;Colombia;0;3;1;0;19;COL;59;VEN;-40
27/5/2008;Japon;Paraguay;0;0;Kirin Cup;Saitama;Japon;0;0;0;0;37;JPN;24;PAR;13
6/6/2008;Brasil;Venezuela;0;2;Friendly;Foxborough;USA;1;-2;0;1;2;BRA;63;VEN;-61
14/6/2008;Peru;Colombia;1;1;FIFA World Cup qualification;Lima;Peru;0;0;0;0;64;PER;19;COL;45
14/6/2008;Uruguay;Venezuela;1;1;FIFA World Cup qualification;Montevideo;Uruguay;0;0;0;0;26;URU;63;VEN;-37
15/6/2008;Argentina;Ecuador;1;1;FIFA World Cup qualification;Buenos Aires;Argentina;0;0;0;0;1;ARG;59;ECU;-58
15/6/2008;Bolivia;Chile;0;2;FIFA World Cup qualification;La Paz;Bolivia;0;-2;0;1;90;BOL;47;CHI;43
15/6/2008;Paraguay;Brasil;2;0;FIFA World Cup qualification;Asunción;Paraguay;0;2;1;0;28;PAR;2;BRA;26
17/6/2008;Uruguay;Peru;6;0;FIFA World Cup qualification;Montevideo;Uruguay;0;6;1;0;26;URU;64;PER;-38
18/6/2008;Bolivia;Paraguay;4;2;FIFA World Cup qualification;La Paz;Bolivia;0;2;1;0;90;BOL;28;PAR;62
18/6/2008;Ecuador;Colombia;0;0;FIFA World Cup qualification;Quito;Ecuador;0;0;0;0;59;ECU;19;COL;40
19/6/2008;Venezuela;Chile;2;3;FIFA World Cup qualification;Puerto la Cruz;Venezuela;0;-1;0;1;63;VEN;47;CHI;16
20/8/2008;Colombia;Ecuador;0;1;Friendly;East Rutherford;USA;1;-1;0;1;23;COL;56;ECU;-33
20/8/2008;Japon;Uruguay;1;3;Friendly;Sapporo;Japon;0;-2;0;1;35;JPN;24;URU;11
6/9/2008;Argentina;Paraguay;1;1;FIFA World Cup qualification;Buenos Aires;Argentina;0;0;0;0;7;ARG;25;PAR;-18
6/9/2008;Colombia;Uruguay;0;1;FIFA World Cup qualification;Bogotá;Colombia;0;-1;0;1;29;COL;22;URU;7
6/9/2008;Ecuador;Bolivia;3;1;FIFA World Cup qualification;Quito;Ecuador;0;2;1;0;52;ECU;71;BOL;-19
6/9/2008;Peru;Venezuela;1;0;FIFA World Cup qualification;Lima;Peru;0;1;1;0;73;PER;61;VEN;12
7/9/2008;Chile;Brasil;0;3;FIFA World Cup qualification;Santiago;Chile;0;-3;0;1;40;CHI;6;BRA;34
9/9/2008;Paraguay;Venezuela;2;0;FIFA World Cup qualification;Asunción;Paraguay;0;2;1;0;25;PAR;61;VEN;-36
10/9/2008;Brasil;Bolivia;0;0;FIFA World Cup qualification;Rio de Janeiro;Brasil;0;0;0;0;6;BRA;71;BOL;-65
10/9/2008;Chile;Colombia;4;0;FIFA World Cup qualification;Santiago;Chile;0;4;1;0;40;CHI;29;COL;11
10/9/2008;Peru;Argentina;1;1;FIFA World Cup qualification;Lima;Peru;0;0;0;0;73;PER;7;ARG;66
10/9/2008;Uruguay;Ecuador;0;0;FIFA World Cup qualification;Montevideo;Uruguay;0;0;0;0;22;URU;52;ECU;-30
11/10/2008;Argentina;Uruguay;2;1;FIFA World Cup qualification;Buenos Aires;Argentina;0;1;1;0;7;ARG;20;URU;-13
11/10/2008;Bolivia;Peru;3;0;FIFA World Cup qualification;La Paz;Bolivia;0;3;1;0;74;BOL;58;PER;16
11/10/2008;Colombia;Paraguay;0;1;FIFA World Cup qualification;Bogotá;Colombia;0;-1;0;1;33;COL;22;PAR;11
12/10/2008;Ecuador;Chile;1;0;FIFA World Cup qualification;Quito;Ecuador;0;1;1;0;42;ECU;36;CHI;6
12/10/2008;Venezuela;Brasil;0;4;FIFA World Cup qualification;San Cristóbal;Venezuela;0;-4;0;1;66;VEN;4;BRA;62
14/10/2008;Bolivia;Uruguay;2;2;FIFA World Cup qualification;La Paz;Bolivia;0;0;0;0;74;BOL;20;URU;54
15/10/2008;Brasil;Colombia;0;0;FIFA World Cup qualification;Rio de Janeiro;Brasil;0;0;0;0;4;BRA;33;COL;-29
15/10/2008;Chile;Argentina;1;0;FIFA World Cup qualification;Santiago;Chile;0;1;1;0;36;CHI;7;ARG;29
15/10/2008;Paraguay;Peru;1;0;FIFA World Cup qualification;Asunción;Paraguay;0;1;1;0;22;PAR;58;PER;-36
15/10/2008;Venezuela;Ecuador;3;1;FIFA World Cup qualification;Puerto la Cruz;Venezuela;0;2;1;0;66;VEN;42;ECU;24
19/11/2008;Qatar;Japon;0;3;FIFA World Cup qualification;Doha;Qatar;0;-3;0;1;78;QAT;38;JPN;40
11/2/2009;Peru;Paraguay;0;1;Friendly;Lima;Peru;0;-1;0;1;76;PER;15;PAR;61
28/3/2009;Argentina;Venezuela;4;0;FIFA World Cup qualification;Buenos Aires;Argentina;0;4;1;0;6;ARG;65;VEN;-59
28/3/2009;Colombia;Bolivia;2;0;FIFA World Cup qualification;Bogotá;Colombia;0;2;1;0;47;COL;56;BOL;-9
28/3/2009;Uruguay;Paraguay;2;0;FIFA World Cup qualification;Montevideo;Uruguay;0;2;1;0;21;URU;15;PAR;6
31/3/2009;Venezuela;Colombia;2;0;FIFA World Cup qualification;Puerto Ordaz;Venezuela;0;2;1;0;65;VEN;47;COL;18
27/5/2009;Japon;Chile;4;0;Kirin Cup;Osaka;Japon;0;4;1;0;35;JPN;26;CHI;9
6/6/2009;Argentina;Colombia;1;0;FIFA World Cup qualification;Buenos Aires;Argentina;0;1;1;0;7;ARG;45;COL;-38
6/6/2009;Bolivia;Venezuela;0;1;FIFA World Cup qualification;La Paz;Bolivia;0;-1;0;1;58;BOL;56;VEN;2
6/6/2009;Paraguay;Chile;0;2;FIFA World Cup qualification;Asunción;Paraguay;0;-2;0;1;13;PAR;37;CHI;-24
6/6/2009;Uruguay;Brasil;0;4;FIFA World Cup qualification;Montevideo;Uruguay;0;-4;0;1;17;URU;5;BRA;12
10/6/2009;Brasil;Paraguay;2;1;FIFA World Cup qualification;Recife;Brasil;0;1;1;0;5;BRA;13;PAR;-8
10/6/2009;Chile;Bolivia;4;0;FIFA World Cup qualification;Santiago;Chile;0;4;1;0;37;CHI;58;BOL;-21
10/6/2009;Colombia;Peru;1;0;FIFA World Cup qualification;Medellín;Colombia;0;1;1;0;45;COL;89;PER;-44
10/6/2009;Ecuador;Argentina;2;0;FIFA World Cup qualification;Quito;Ecuador;0;2;1;0;44;ECU;7;ARG;37
10/6/2009;Japon;Qatar;1;1;FIFA World Cup qualification;Yokohama;Japon;0;0;0;0;31;JPN;94;QAT;-63
10/6/2009;Venezuela;Uruguay;2;2;FIFA World Cup qualification;Puerto Ordaz;Venezuela;0;0;0;0;56;VEN;17;URU;39
12/8/2009;Colombia;Venezuela;1;2;Friendly;East Rutherford;USA;1;-1;0;1;45;COL;54;VEN;-9
5/9/2009;Argentina;Brasil;1;3;FIFA World Cup qualification;Rosario;Argentina;0;-2;0;1;8;ARG;1;BRA;7
5/9/2009;Chile;Venezuela;2;2;FIFA World Cup qualification;Santiago;Chile;0;0;0;0;21;CHI;51;VEN;-30
5/9/2009;Colombia;Ecuador;2;0;FIFA World Cup qualification;Medellín;Colombia;0;2;1;0;48;COL;36;ECU;12
5/9/2009;Paraguay;Bolivia;1;0;FIFA World Cup qualification;Asunción;Paraguay;0;1;1;0;23;PAR;59;BOL;-36
5/9/2009;Peru;Uruguay;1;0;FIFA World Cup qualification;Lima;Peru;0;1;1;0;91;PER;28;URU;63
9/9/2009;Bolivia;Ecuador;1;3;FIFA World Cup qualification;La Paz;Bolivia;0;-2;0;1;59;BOL;36;ECU;23
10/10/2009;Argentina;Peru;2;1;FIFA World Cup qualification;Buenos Aires;Argentina;0;1;1;0;8;ARG;91;PER;-83
10/10/2009;Colombia;Chile;2;4;FIFA World Cup qualification;Medellín;Colombia;0;-2;0;1;48;COL;21;CHI;27
10/10/2009;Ecuador;Uruguay;1;2;FIFA World Cup qualification;Quito;Ecuador;0;-1;0;1;36;ECU;28;URU;8
10/10/2009;Venezuela;Paraguay;1;2;FIFA World Cup qualification;Puerto Ordaz;Venezuela;0;-1;0;1;51;VEN;23;PAR;28
14/10/2009;Brasil;Venezuela;0;0;FIFA World Cup qualification;Campo Grande;Brasil;0;0;0;0;1;BRA;51;VEN;-50
14/10/2009;Chile;Ecuador;1;0;FIFA World Cup qualification;Santiago;Chile;0;1;1;0;21;CHI;36;ECU;-15
14/10/2009;Paraguay;Colombia;0;2;FIFA World Cup qualification;Asunción;Paraguay;0;-2;0;1;23;PAR;48;COL;-25
14/10/2009;Peru;Bolivia;1;0;FIFA World Cup qualification;Lima;Peru;0;1;1;0;91;PER;59;BOL;32
14/10/2009;Uruguay;Argentina;0;1;FIFA World Cup qualification;Montevideo;Uruguay;0;-1;0;1;28;URU;8;ARG;20
4/11/2009;Chile;Paraguay;2;1;Friendly;Talcahuano;Chile;0;1;1;0;17;CHI;21;PAR;-4
13/11/2009;Paraguay;Qatar;0;2;Friendly;Rouen;France;1;-2;0;1;21;PAR;94;QAT;-73
2/2/2010;Japon;Venezuela;0;0;Friendly;?ita;Japon;0;0;0;0;43;JPN;50;VEN;-7
31/3/2010;Chile;Venezuela;0;0;Friendly;Temuco;Chile;0;0;0;0;13;CHI;48;VEN;-35
28/6/2010;Brasil;Chile;3;0;FIFA World Cup;Johannesburg;South Africa;1;3;1;0;1;BRA;18;CHI;-17
29/6/2010;Paraguay;Japon;0;0;FIFA World Cup;Pretoria;South Africa;1;0;0;0;31;PAR;45;JPN;-14
11/8/2010;Bolivia;Colombia;1;1;Friendly;La Paz;Bolivia;0;0;0;0;50;BOL;36;COL;14
3/9/2010;Venezuela;Colombia;0;2;Friendly;Puerto la Cruz;Venezuela;0;-2;0;1;47;VEN;36;COL;11
4/9/2010;Japon;Paraguay;1;0;Friendly;Yokohama;Japon;0;1;1;0;32;JPN;15;PAR;17
7/9/2010;Venezuela;Ecuador;1;0;Friendly;Barquisimeto;Venezuela;0;1;1;0;47;VEN;58;ECU;-11
8/10/2010;Colombia;Ecuador;1;0;Friendly;Harrison;USA;1;1;1;0;40;COL;72;ECU;-32
8/10/2010;Japon;Argentina;1;0;Friendly;Saitama;Japon;0;1;1;0;30;JPN;5;ARG;25
17/11/2010;Argentina;Brasil;1;0;Friendly;Doha;Qatar;1;1;1;0;5;ARG;3;BRA;2
17/11/2010;Chile;Uruguay;2;0;Friendly;Santiago;Chile;0;2;1;0;16;CHI;7;URU;9
17/11/2010;Colombia;Peru;1;1;Friendly;Bogotá;Colombia;0;0;0;0;47;COL;52;PER;-5
17/11/2010;Ecuador;Venezuela;4;1;Friendly;Quito;Ecuador;0;3;1;0;61;ECU;56;VEN;5
21/1/2011;Qatar;Japon;2;3;AFC Asian Cup;Doha;Qatar;0;-1;0;1;105;QAT;29;JPN;76
16/3/2011;Argentina;Venezuela;4;1;Friendly;San Juan;Argentina;0;3;1;0;4;ARG;63;VEN;-59
26/3/2011;Colombia;Ecuador;2;0;Friendly;Madrid;Spain;1;2;1;0;50;COL;49;ECU;1
29/3/2011;Colombia;Chile;0;2;Friendly;The Hague;Netherlands;1;-2;0;1;50;COL;14;CHI;36
29/3/2011;Ecuador;Peru;0;0;Friendly;The Hague;Netherlands;1;0;0;0;49;ECU;59;PER;-10
20/4/2011;Argentina;Ecuador;2;2;Friendly;Mar del Plata;Argentina;0;0;0;0;5;ARG;56;ECU;-51
25/5/2011;Argentina;Paraguay;4;2;Friendly;Resistencia;Argentina;0;2;1;0;5;ARG;23;PAR;-18
1/6/2011;Japon;Peru;0;0;Kirin Cup;Niigata;Japon;0;0;0;0;14;JPN;54;PER;-40
4/6/2011;Bolivia;Paraguay;0;2;Copa Paz del Chaco;Santa Cruz;Bolivia;0;-2;0;1;102;BOL;23;PAR;79
7/6/2011;Paraguay;Bolivia;0;0;Copa Paz del Chaco;Luque;Paraguay;0;0;0;0;23;PAR;102;BOL;-79
23/6/2011;Paraguay;Chile;0;0;Friendly;Asunción;Paraguay;0;0;0;0;23;PAR;13;CHI;10
1/7/2011;Argentina;Bolivia;1;1;Copa América;La Plata;Argentina;0;0;0;0;10;ARG;94;BOL;-84
3/7/2011;Brasil;Venezuela;0;0;Copa América;La Plata;Argentina;1;0;0;0;5;BRA;69;VEN;-64
3/7/2011;Paraguay;Ecuador;0;0;Copa América;Santa Fe;Argentina;1;0;0;0;32;PAR;68;ECU;-36
4/7/2011;Uruguay;Peru;1;1;Copa América;San Juan;Argentina;1;0;0;0;18;URU;49;PER;-31
6/7/2011;Argentina;Colombia;0;0;Copa América;Santa Fe;Argentina;0;0;0;0;10;ARG;54;COL;-44
8/7/2011;Uruguay;Chile;1;1;Copa América;Mendoza;Argentina;1;0;0;0;18;URU;27;CHI;-9
9/7/2011;Brasil;Paraguay;2;2;Copa América;Córdoba;Argentina;1;0;0;0;5;BRA;32;PAR;-27
9/7/2011;Venezuela;Ecuador;1;0;Copa América;Salta;Argentina;1;1;1;0;69;VEN;68;ECU;1
10/7/2011;Colombia;Bolivia;2;0;Copa América;Santa Fe;Argentina;1;2;1;0;54;COL;94;BOL;-40
12/7/2011;Chile;Peru;1;0;Copa América;Mendoza;Argentina;1;1;1;0;27;CHI;49;PER;-22
13/7/2011;Brasil;Ecuador;4;2;Copa América;Córdoba;Argentina;1;2;1;0;5;BRA;68;ECU;-63
13/7/2011;Paraguay;Venezuela;3;3;Copa América;Salta;Argentina;1;0;0;0;32;PAR;69;VEN;-37
16/7/2011;Argentina;Uruguay;1;1;Copa América;Santa Fe;Argentina;0;0;0;0;10;ARG;18;URU;-8
16/7/2011;Colombia;Peru;0;2;Copa América;Córdoba;Argentina;1;-2;0;1;54;COL;49;PER;5
17/7/2011;Brasil;Paraguay;0;0;Copa América;La Plata;Argentina;1;0;0;0;5;BRA;32;PAR;-27
17/7/2011;Chile;Venezuela;1;2;Copa América;San Juan;Argentina;1;-1;0;1;27;CHI;69;VEN;-42
19/7/2011;Peru;Uruguay;0;2;Copa América;La Plata;Argentina;1;-2;0;1;49;PER;18;URU;31
20/7/2011;Paraguay;Venezuela;0;0;Copa América;Mendoza;Argentina;1;0;0;0;32;PAR;69;VEN;-37
23/7/2011;Peru;Venezuela;4;1;Copa América;La Plata;Argentina;1;3;1;0;49;PER;69;VEN;-20
24/7/2011;Uruguay;Paraguay;3;0;Copa América;Buenos Aires;Argentina;1;3;1;0;18;URU;32;PAR;-14
2/9/2011;Argentina;Venezuela;1;0;Friendly;Calcutta;India;1;1;1;0;9;ARG;44;VEN;-35
2/9/2011;Peru;Bolivia;2;2;Friendly;Lima;Peru;0;0;0;0;26;PER;85;BOL;-59
5/9/2011;Bolivia;Peru;0;0;Friendly;La Paz;Bolivia;0;0;0;0;85;BOL;26;PER;59
14/9/2011;Argentina;Brasil;0;0;Friendly;Córdoba;Argentina;0;0;0;0;9;ARG;6;BRA;3
28/9/2011;Brasil;Argentina;2;0;Friendly;Belém;Brasil;0;2;1;0;7;BRA;10;ARG;-3
7/10/2011;Argentina;Chile;4;1;FIFA World Cup qualification;Buenos Aires;Argentina;0;3;1;0;10;ARG;14;CHI;-4
7/10/2011;Ecuador;Venezuela;2;0;FIFA World Cup qualification;Quito;Ecuador;0;2;1;0;69;ECU;47;VEN;22
7/10/2011;Peru;Paraguay;2;0;FIFA World Cup qualification;Lima;Peru;0;2;1;0;35;PER;24;PAR;11
7/10/2011;Uruguay;Bolivia;4;2;FIFA World Cup qualification;Montevideo;Uruguay;0;2;1;0;4;URU;81;BOL;-77
11/10/2011;Bolivia;Colombia;1;2;FIFA World Cup qualification;La Paz;Bolivia;0;-1;0;1;81;BOL;32;COL;49
11/10/2011;Chile;Peru;4;2;FIFA World Cup qualification;Santiago;Chile;0;2;1;0;14;CHI;35;PER;-21
11/10/2011;Paraguay;Uruguay;1;1;FIFA World Cup qualification;Asunción;Paraguay;0;0;0;0;24;PAR;4;URU;20
11/10/2011;Venezuela;Argentina;1;0;FIFA World Cup qualification;Puerto la Cruz;Venezuela;0;1;1;0;47;VEN;10;ARG;37
11/11/2011;Argentina;Bolivia;1;1;FIFA World Cup qualification;Buenos Aires;Argentina;0;0;0;0;10;ARG;115;BOL;-105
11/11/2011;Colombia;Venezuela;1;1;FIFA World Cup qualification;Barranquilla;Colombia;0;0;0;0;31;COL;40;VEN;-9
11/11/2011;Paraguay;Ecuador;2;1;FIFA World Cup qualification;Asunción;Paraguay;0;1;1;0;28;PAR;52;ECU;-24
11/11/2011;Uruguay;Chile;4;0;FIFA World Cup qualification;Montevideo;Uruguay;0;4;1;0;4;URU;16;CHI;-12
15/11/2011;Chile;Paraguay;2;0;FIFA World Cup qualification;Santiago;Chile;0;2;1;0;16;CHI;28;PAR;-12
15/11/2011;Colombia;Argentina;1;2;FIFA World Cup qualification;Barranquilla;Colombia;0;-1;0;1;31;COL;10;ARG;21
15/11/2011;Ecuador;Peru;2;0;FIFA World Cup qualification;Quito;Ecuador;0;2;1;0;52;ECU;32;PER;20
15/11/2011;Venezuela;Bolivia;1;0;FIFA World Cup qualification;San Cristóbal;Venezuela;0;1;1;0;40;VEN;115;BOL;-75
21/12/2011;Chile;Paraguay;3;2;Friendly;La Serena;Chile;0;1;1;0;13;CHI;24;PAR;-11
15/2/2012;Paraguay;Chile;2;0;Friendly;Luque;Paraguay;0;2;1;0;27;PAR;12;CHI;15
21/3/2012;Chile;Peru;3;1;Copa del Pacífico;Arica;Chile;0;2;1;0;14;CHI;34;PER;-20
11/4/2012;Peru;Chile;0;3;Copa del Pacífico;Tacna;Peru;0;-3;0;1;34;PER;13;CHI;21
2/6/2012;Argentina;Ecuador;4;0;FIFA World Cup qualification;Buenos Aires;Argentina;0;4;1;0;9;ARG;37;ECU;-28
2/6/2012;Bolivia;Chile;0;2;FIFA World Cup qualification;La Paz;Bolivia;0;-2;0;1;108;BOL;13;CHI;95
2/6/2012;Uruguay;Venezuela;1;1;FIFA World Cup qualification;Montevideo;Uruguay;0;0;0;0;3;URU;43;VEN;-40
3/6/2012;Peru;Colombia;0;1;FIFA World Cup qualification;Lima;Peru;0;-1;0;1;36;PER;23;COL;13
9/6/2012;Bolivia;Paraguay;3;1;FIFA World Cup qualification;La Paz;Bolivia;0;2;1;0;110;BOL;22;PAR;88
9/6/2012;Brasil;Argentina;3;4;Friendly;East Rutherford;USA;1;-1;0;1;5;BRA;7;ARG;-2
9/6/2012;Venezuela;Chile;0;2;FIFA World Cup qualification;Puerto la Cruz;Venezuela;0;-2;0;1;40;VEN;11;CHI;29
10/6/2012;Ecuador;Colombia;1;0;FIFA World Cup qualification;Quito;Ecuador;0;1;1;0;36;ECU;20;COL;16
10/6/2012;Uruguay;Peru;4;2;FIFA World Cup qualification;Montevideo;Uruguay;0;2;1;0;2;URU;37;PER;-35
15/8/2012;Ecuador;Chile;3;0;Friendly;New York;USA;1;3;1;0;20;ECU;15;CHI;5
15/8/2012;Japon;Venezuela;1;1;Friendly;Sapporo;Japon;0;0;0;0;22;JPN;52;VEN;-30
7/9/2012;Argentina;Paraguay;3;1;FIFA World Cup qualification;Córdoba;Argentina;0;2;1;0;7;ARG;29;PAR;-22
7/9/2012;Colombia;Uruguay;4;0;FIFA World Cup qualification;Barranquilla;Colombia;0;4;1;0;22;COL;5;URU;17
7/9/2012;Ecuador;Bolivia;1;0;FIFA World Cup qualification;Quito;Ecuador;0;1;1;0;17;ECU;63;BOL;-46
7/9/2012;Peru;Venezuela;2;1;FIFA World Cup qualification;Lima;Peru;0;1;1;0;51;PER;52;VEN;-1
11/9/2012;Chile;Colombia;1;3;FIFA World Cup qualification;Santiago;Chile;0;-2;0;1;14;CHI;22;COL;-8
11/9/2012;Paraguay;Venezuela;0;2;FIFA World Cup qualification;Asunción;Paraguay;0;-2;0;1;29;PAR;52;VEN;-23
11/9/2012;Peru;Argentina;1;1;FIFA World Cup qualification;Lima;Peru;0;0;0;0;51;PER;7;ARG;44
11/9/2012;Uruguay;Ecuador;1;1;FIFA World Cup qualification;Montevideo;Uruguay;0;0;0;0;5;URU;17;ECU;-12
19/9/2012;Brasil;Argentina;2;1;Friendly;Goiânia;Brasil;0;1;1;0;12;BRA;7;ARG;5
12/10/2012;Argentina;Uruguay;3;0;FIFA World Cup qualification;Mendoza;Argentina;0;3;1;0;4;ARG;7;URU;-3
12/10/2012;Bolivia;Peru;1;1;FIFA World Cup qualification;La Paz;Bolivia;0;0;0;0;72;BOL;37;PER;35
12/10/2012;Colombia;Paraguay;2;0;FIFA World Cup qualification;Barranquilla;Colombia;0;2;1;0;9;COL;38;PAR;-29
12/10/2012;Ecuador;Chile;3;1;FIFA World Cup qualification;Quito;Ecuador;0;2;1;0;20;ECU;17;CHI;3
16/10/2012;Bolivia;Uruguay;4;1;FIFA World Cup qualification;La Paz;Bolivia;0;3;1;0;72;BOL;7;URU;65
16/10/2012;Chile;Argentina;1;2;FIFA World Cup qualification;Santiago;Chile;0;-1;0;1;17;CHI;4;ARG;13
16/10/2012;Japon;Brasil;0;4;Friendly;Wroc?aw;Poland;1;-4;0;1;23;JPN;14;BRA;9
16/10/2012;Paraguay;Peru;1;0;FIFA World Cup qualification;Asunción;Paraguay;0;1;1;0;38;PAR;37;PER;1
16/10/2012;Venezuela;Ecuador;0;0;FIFA World Cup qualification;Puerto la Cruz;Venezuela;0;0;0;0;39;VEN;20;ECU;19
14/11/2012;Brasil;Colombia;1;1;Friendly;East Rutherford;USA;1;0;0;0;13;BRA;8;COL;5
21/11/2012;Argentina;Brasil;2;1;Friendly;Buenos Aires;Argentina;0;1;1;0;3;ARG;13;BRA;-10
22/3/2013;Argentina;Venezuela;3;0;FIFA World Cup qualification;Buenos Aires;Argentina;0;3;1;0;3;ARG;43;VEN;-40
22/3/2013;Colombia;Bolivia;5;0;FIFA World Cup qualification;Barranquilla;Colombia;0;5;1;0;6;COL;37;BOL;-31
22/3/2013;Peru;Chile;1;0;FIFA World Cup qualification;Lima;Peru;0;1;1;0;41;PER;22;CHI;19
22/3/2013;Uruguay;Paraguay;1;1;FIFA World Cup qualification;Montevideo;Uruguay;0;0;0;0;16;URU;38;PAR;-22
26/3/2013;Bolivia;Argentina;1;1;FIFA World Cup qualification;La Paz;Bolivia;0;0;0;0;37;BOL;3;ARG;34
26/3/2013;Chile;Uruguay;2;0;FIFA World Cup qualification;Santiago;Chile;0;2;1;0;22;CHI;16;URU;6
26/3/2013;Ecuador;Paraguay;4;1;FIFA World Cup qualification;Quito;Ecuador;0;3;1;0;11;ECU;38;PAR;-27
26/3/2013;Venezuela;Colombia;1;0;FIFA World Cup qualification;Puerto Ordaz;Venezuela;0;1;1;0;43;VEN;6;COL;37
6/4/2013;Bolivia;Brasil;0;4;Friendly;Santa Cruz;Bolivia;0;-4;0;1;37;BOL;18;BRA;19
24/4/2013;Brasil;Chile;2;2;Friendly;Belo Horizonte;Brasil;0;0;0;0;19;BRA;23;CHI;-4
7/6/2013;Argentina;Colombia;0;0;FIFA World Cup qualification;Buenos Aires;Argentina;0;0;0;0;3;ARG;7;COL;-4
7/6/2013;Bolivia;Venezuela;1;1;FIFA World Cup qualification;La Paz;Bolivia;0;0;0;0;53;BOL;37;VEN;16
7/6/2013;Paraguay;Chile;1;2;FIFA World Cup qualification;Asunción;Paraguay;0;-1;0;1;44;PAR;25;CHI;19
7/6/2013;Peru;Ecuador;1;0;FIFA World Cup qualification;Lima;Peru;0;1;1;0;30;PER;10;ECU;20
11/6/2013;Chile;Bolivia;3;1;FIFA World Cup qualification;Santiago;Chile;0;2;1;0;25;CHI;53;BOL;-28
11/6/2013;Colombia;Peru;2;0;FIFA World Cup qualification;Barranquilla;Colombia;0;2;1;0;7;COL;30;PER;-23
11/6/2013;Ecuador;Argentina;1;1;FIFA World Cup qualification;Quito;Ecuador;0;0;0;0;10;ECU;3;ARG;7
11/6/2013;Venezuela;Uruguay;0;1;FIFA World Cup qualification;Puerto Ordaz;Venezuela;0;-1;0;1;37;VEN;19;URU;18
15/6/2013;Brasil;Japon;3;0;Confederations Cup;Brasília;Brasil;0;3;1;0;22;BRA;32;JPN;-10
26/6/2013;Brasil;Uruguay;2;1;Confederations Cup;Belo Horizonte;Brasil;0;1;1;0;22;BRA;19;URU;3
14/8/2013;Japon;Uruguay;2;4;Friendly;Rifu;Japon;0;-2;0;1;37;JPN;12;URU;25
14/8/2013;Venezuela;Bolivia;2;2;Friendly;San Cristóbal;Venezuela;0;0;0;0;39;VEN;64;BOL;-25
6/9/2013;Chile;Venezuela;3;0;FIFA World Cup qualification;Santiago;Chile;0;3;1;0;21;CHI;39;VEN;-18
6/9/2013;Colombia;Ecuador;1;0;FIFA World Cup qualification;Barranquilla;Colombia;0;1;1;0;3;COL;17;ECU;-14
6/9/2013;Paraguay;Bolivia;4;0;FIFA World Cup qualification;Asunción;Paraguay;0;4;1;0;49;PAR;64;BOL;-15
6/9/2013;Peru;Uruguay;1;2;FIFA World Cup qualification;Lima;Peru;0;-1;0;1;22;PER;12;URU;10
10/9/2013;Bolivia;Ecuador;1;1;FIFA World Cup qualification;La Paz;Bolivia;0;0;0;0;64;BOL;17;ECU;47
10/9/2013;Paraguay;Argentina;2;5;FIFA World Cup qualification;Asunción;Paraguay;0;-3;0;1;49;PAR;4;ARG;45
10/9/2013;Uruguay;Colombia;2;0;FIFA World Cup qualification;Montevideo;Uruguay;0;2;1;0;12;URU;3;COL;9
10/9/2013;Venezuela;Peru;3;2;FIFA World Cup qualification;Puerto la Cruz;Venezuela;0;1;1;0;39;VEN;22;PER;17
11/10/2013;Argentina;Peru;3;1;FIFA World Cup qualification;Buenos Aires;Argentina;0;2;1;0;2;ARG;34;PER;-32
11/10/2013;Colombia;Chile;3;3;FIFA World Cup qualification;Barranquilla;Colombia;0;0;0;0;5;COL;16;CHI;-11
11/10/2013;Ecuador;Uruguay;1;0;FIFA World Cup qualification;Quito;Ecuador;0;1;1;0;20;ECU;7;URU;13
11/10/2013;Venezuela;Paraguay;1;1;FIFA World Cup qualification;San Cristóbal;Venezuela;0;0;0;0;36;VEN;41;PAR;-5
15/10/2013;Chile;Ecuador;2;1;FIFA World Cup qualification;Santiago;Chile;0;1;1;0;16;CHI;20;ECU;-4
15/10/2013;Paraguay;Colombia;1;2;FIFA World Cup qualification;Asunción;Paraguay;0;-1;0;1;41;PAR;5;COL;36
15/10/2013;Peru;Bolivia;1;1;FIFA World Cup qualification;Lima;Peru;0;0;0;0;34;PER;62;BOL;-28
15/10/2013;Uruguay;Argentina;3;2;FIFA World Cup qualification;Montevideo;Uruguay;0;1;1;0;7;URU;2;ARG;5
15/11/2013;Argentina;Ecuador;0;0;Friendly;East Rutherford;USA;1;0;0;0;3;ARG;22;ECU;-19
19/11/2013;Brasil;Chile;2;1;Friendly;Toronto;Canada;1;1;1;0;11;BRA;12;CHI;-1
24/6/2014;Japon;Colombia;1;4;FIFA World Cup;Cuiabá;Brasil;1;-3;0;1;46;JPN;8;COL;38
28/6/2014;Brasil;Chile;1;1;FIFA World Cup;Belo Horizonte;Brasil;0;0;0;0;3;BRA;14;CHI;-11
28/6/2014;Colombia;Uruguay;2;0;FIFA World Cup;Rio de Janeiro;Brasil;1;2;1;0;8;COL;7;URU;1
4/7/2014;Brasil;Colombia;2;1;FIFA World Cup;Fortaleza;Brasil;0;1;1;0;3;BRA;8;COL;-5
5/9/2014;Japon;Uruguay;0;2;Friendly;Sapporo;Japon;0;-2;0;1;44;JPN;6;URU;38
9/9/2014;Japon;Venezuela;2;2;Friendly;Yokohama;Japon;0;0;0;0;44;JPN;29;VEN;15
9/9/2014;Qatar;Peru;0;2;Friendly;Doha;Qatar;0;-2;0;1;92;QAT;52;PER;40
11/10/2014;Argentina;Brasil;0;2;Friendly;Beijing;China PR;1;-2;0;1;2;ARG;6;BRA;-4
14/10/2014;Japon;Brasil;0;4;Friendly;Kallang;Singapore;1;-4;0;1;48;JPN;6;BRA;42
14/11/2014;Paraguay;Peru;2;1;Friendly;Luque;Paraguay;0;1;1;0;76;PAR;54;PER;22
18/11/2014;Bolivia;Venezuela;3;2;Friendly;La Paz;Bolivia;0;1;1;0;103;BOL;85;VEN;18
18/11/2014;Chile;Uruguay;1;2;Friendly;Santiago;Chile;0;-1;0;1;13;CHI;8;URU;5
18/11/2014;Peru;Paraguay;2;1;Friendly;Lima;Peru;0;1;1;0;54;PER;76;PAR;-22
29/3/2015;Brasil;Chile;1;0;Friendly;London;England;1;1;1;0;6;BRA;15;CHI;-9
31/3/2015;Peru;Venezuela;0;1;Friendly;Fort Lauderdale;USA;1;-1;0;1;59;PER;72;VEN;-13
11/6/2015;Chile;Ecuador;2;0;Copa América;Santiago;Chile;0;2;1;0;19;CHI;31;ECU;-12
13/6/2015;Argentina;Paraguay;2;2;Copa América;La Serena;Chile;1;0;0;0;3;ARG;85;PAR;-82
14/6/2015;Brasil;Peru;2;1;Copa América;Temuco;Chile;1;1;1;0;5;BRA;61;PER;-56
14/6/2015;Colombia;Venezuela;0;1;Copa América;Rancagua;Chile;1;-1;0;1;4;COL;72;VEN;-68
15/6/2015;Ecuador;Bolivia;2;3;Copa América;Valparaíso;Chile;1;-1;0;1;31;ECU;89;BOL;-58
16/6/2015;Argentina;Uruguay;1;0;Copa América;La Serena;Chile;1;1;1;0;3;ARG;8;URU;-5
17/6/2015;Brasil;Colombia;0;1;Copa América;Santiago;Chile;1;-1;0;1;5;BRA;4;COL;1
18/6/2015;Peru;Venezuela;1;0;Copa América;Valparaíso;Chile;1;1;1;0;61;PER;72;VEN;-11
19/6/2015;Chile;Bolivia;5;0;Copa América;Santiago;Chile;0;5;1;0;19;CHI;89;BOL;-70
20/6/2015;Uruguay;Paraguay;1;1;Copa América;La Serena;Chile;1;0;0;0;8;URU;85;PAR;-77
21/6/2015;Brasil;Venezuela;2;1;Copa América;Santiago;Chile;1;1;1;0;5;BRA;72;VEN;-67
21/6/2015;Colombia;Peru;0;0;Copa América;Temuco;Chile;1;0;0;0;4;COL;61;PER;-57
24/6/2015;Chile;Uruguay;1;0;Copa América;Santiago;Chile;0;1;1;0;19;CHI;8;URU;11
25/6/2015;Bolivia;Peru;1;3;Copa América;Temuco;Chile;1;-2;0;1;89;BOL;61;PER;28
26/6/2015;Argentina;Colombia;0;0;Copa América;Viña del Mar;Chile;1;0;0;0;3;ARG;4;COL;-1
27/6/2015;Brasil;Paraguay;1;1;Copa América;Concepción;Chile;1;0;0;0;5;BRA;85;PAR;-80
29/6/2015;Chile;Peru;2;1;Copa América;Santiago;Chile;0;1;1;0;19;CHI;61;PER;-42
30/6/2015;Argentina;Paraguay;6;1;Copa América;Concepción;Chile;1;5;1;0;3;ARG;85;PAR;-82
3/7/2015;Peru;Paraguay;2;0;Copa América;Concepción;Chile;1;2;1;0;61;PER;85;PAR;-24
4/7/2015;Chile;Argentina;0;0;Copa América;Santiago;Chile;0;0;0;0;19;CHI;3;ARG;16
5/9/2015;Chile;Paraguay;3;2;Friendly;Santiago;Chile;0;1;1;0;8;CHI;55;PAR;-47
8/10/2015;Argentina;Ecuador;0;2;FIFA World Cup qualification;Buenos Aires;Argentina;0;-2;0;1;1;ARG;31;ECU;-30
8/10/2015;Bolivia;Uruguay;0;0;FIFA World Cup qualification;La Paz;Bolivia;0;0;0;0;67;BOL;20;URU;47
8/10/2015;Chile;Brasil;2;0;FIFA World Cup qualification;Santiago;Chile;0;2;1;0;9;CHI;7;BRA;2
8/10/2015;Colombia;Peru;2;0;FIFA World Cup qualification;Barranquilla;Colombia;0;2;1;0;5;COL;50;PER;-45
8/10/2015;Venezuela;Paraguay;0;1;FIFA World Cup qualification;Ciudad Guayana;Venezuela;0;-1;0;1;69;VEN;61;PAR;8
13/10/2015;Brasil;Venezuela;3;1;FIFA World Cup qualification;Fortaleza;Brasil;0;2;1;0;7;BRA;69;VEN;-62
13/10/2015;Ecuador;Bolivia;2;0;FIFA World Cup qualification;Quito;Ecuador;0;2;1;0;31;ECU;67;BOL;-36
13/10/2015;Paraguay;Argentina;0;0;FIFA World Cup qualification;Asunción;Paraguay;0;0;0;0;61;PAR;1;ARG;60
13/10/2015;Peru;Chile;3;4;FIFA World Cup qualification;Lima;Peru;0;-1;0;1;50;PER;9;CHI;41
13/10/2015;Uruguay;Colombia;3;0;FIFA World Cup qualification;Montevideo;Uruguay;0;3;1;0;20;URU;5;COL;15
12/11/2015;Bolivia;Venezuela;4;2;FIFA World Cup qualification;La Paz;Bolivia;0;2;1;0;77;BOL;83;VEN;-6
12/11/2015;Chile;Colombia;1;1;FIFA World Cup qualification;Santiago;Chile;0;0;0;0;5;CHI;7;COL;-2
12/11/2015;Ecuador;Uruguay;2;1;FIFA World Cup qualification;Quito;Ecuador;0;1;1;0;21;ECU;12;URU;9
13/11/2015;Argentina;Brasil;1;1;FIFA World Cup qualification;Buenos Aires;Argentina;0;0;0;0;3;ARG;8;BRA;-5
13/11/2015;Peru;Paraguay;1;0;FIFA World Cup qualification;Lima;Peru;0;1;1;0;57;PER;47;PAR;10
17/11/2015;Brasil;Peru;3;0;FIFA World Cup qualification;Salvador;Brasil;0;3;1;0;8;BRA;57;PER;-49
17/11/2015;Colombia;Argentina;0;1;FIFA World Cup qualification;Barranquilla;Colombia;0;-1;0;1;7;COL;3;ARG;4
17/11/2015;Paraguay;Bolivia;2;1;FIFA World Cup qualification;Asunción;Paraguay;0;1;1;0;47;PAR;77;BOL;-30
17/11/2015;Uruguay;Chile;3;0;FIFA World Cup qualification;Montevideo;Uruguay;0;3;1;0;12;URU;5;CHI;7
17/11/2015;Venezuela;Ecuador;1;3;FIFA World Cup qualification;Ciudad Guayana;Venezuela;0;-2;0;1;83;VEN;21;ECU;62
24/3/2016;Bolivia;Colombia;2;3;FIFA World Cup qualification;La Paz;Bolivia;0;-1;0;1;72;BOL;8;COL;64
24/3/2016;Chile;Argentina;1;2;FIFA World Cup qualification;Santiago;Chile;0;-1;0;1;5;CHI;2;ARG;3
24/3/2016;Ecuador;Paraguay;2;2;FIFA World Cup qualification;Quito;Ecuador;0;0;0;0;13;ECU;43;PAR;-30
24/3/2016;Peru;Venezuela;2;2;FIFA World Cup qualification;Lima;Peru;0;0;0;0;42;PER;75;VEN;-33
25/3/2016;Brasil;Uruguay;2;2;FIFA World Cup qualification;Recife;Brasil;0;0;0;0;6;BRA;11;URU;-5
29/3/2016;Argentina;Bolivia;2;0;FIFA World Cup qualification;Córdoba;Argentina;0;2;1;0;2;ARG;72;BOL;-70
29/3/2016;Colombia;Ecuador;3;0;FIFA World Cup qualification;Barranquilla;Colombia;0;3;1;0;8;COL;13;ECU;-5
29/3/2016;Paraguay;Brasil;2;2;FIFA World Cup qualification;Asunción;Paraguay;0;0;0;0;43;PAR;6;BRA;37
29/3/2016;Uruguay;Peru;1;0;FIFA World Cup qualification;Montevideo;Uruguay;0;1;1;0;11;URU;42;PER;-31
29/3/2016;Venezuela;Chile;1;4;FIFA World Cup qualification;Barinas;Venezuela;0;-3;0;1;75;VEN;5;CHI;70
4/6/2016;Brasil;Ecuador;0;0;Copa América;Pasadena;USA;1;0;0;0;7;BRA;13;ECU;-6
6/6/2016;Argentina;Chile;2;1;Copa América;Santa Clara;USA;1;1;1;0;1;ARG;5;CHI;-4
7/6/2016;Colombia;Paraguay;2;1;Copa América;Pasadena;USA;1;1;1;0;3;COL;44;PAR;-41
8/6/2016;Ecuador;Peru;2;2;Copa América;Glendale;USA;1;0;0;0;13;ECU;48;PER;-35
9/6/2016;Uruguay;Venezuela;0;1;Copa América;Philadelphia;USA;1;-1;0;1;9;URU;77;VEN;-68
10/6/2016;Chile;Bolivia;2;1;Copa América;Foxborough;USA;1;1;1;0;5;CHI;82;BOL;-77
12/6/2016;Brasil;Peru;0;1;Copa América;Foxborough;USA;1;-1;0;1;7;BRA;48;PER;-41
14/6/2016;Argentina;Bolivia;3;0;Copa América;Seattle;USA;1;3;1;0;1;ARG;82;BOL;-81
17/6/2016;Peru;Colombia;0;0;Copa América;East Rutherford;USA;1;0;0;0;48;PER;3;COL;45
18/6/2016;Argentina;Venezuela;4;1;Copa América;Foxborough;USA;1;3;1;0;1;ARG;77;VEN;-76
22/6/2016;Colombia;Chile;0;2;Copa América;Chicago;USA;1;-2;0;1;3;COL;5;CHI;-2
26/6/2016;Argentina;Chile;0;0;Copa América;East Rutherford;USA;1;0;0;0;1;ARG;5;CHI;-4
1/9/2016;Argentina;Uruguay;1;0;FIFA World Cup qualification;Mendoza;Argentina;0;1;1;0;1;ARG;12;URU;-11
1/9/2016;Bolivia;Peru;0;3;FIFA World Cup qualification;La Paz;Bolivia;0;-3;0;1;110;BOL;33;PER;77
1/9/2016;Colombia;Venezuela;2;0;FIFA World Cup qualification;Barranquilla;Colombia;0;2;1;0;3;COL;46;VEN;-43
1/9/2016;Ecuador;Brasil;0;3;FIFA World Cup qualification;Quito;Ecuador;0;-3;0;1;17;ECU;9;BRA;8
1/9/2016;Paraguay;Chile;2;1;FIFA World Cup qualification;Asunción;Paraguay;0;1;1;0;42;PAR;5;CHI;37
6/9/2016;Brasil;Colombia;2;1;FIFA World Cup qualification;Manaus;Brasil;0;1;1;0;9;BRA;3;COL;6
6/9/2016;Chile;Bolivia;3;0;FIFA World Cup qualification;Santiago;Chile;0;3;1;0;5;CHI;110;BOL;-105
6/9/2016;Peru;Ecuador;2;1;FIFA World Cup qualification;Lima;Peru;0;1;1;0;33;PER;17;ECU;16
6/9/2016;Uruguay;Paraguay;4;0;FIFA World Cup qualification;Montevideo;Uruguay;0;4;1;0;12;URU;42;PAR;-30
6/9/2016;Venezuela;Argentina;2;2;FIFA World Cup qualification;Mérida;Venezuela;0;0;0;0;46;VEN;1;ARG;45
6/10/2016;Brasil;Bolivia;5;0;FIFA World Cup qualification;Natal;Brasil;0;5;1;0;4;BRA;75;BOL;-71
6/10/2016;Ecuador;Chile;3;0;FIFA World Cup qualification;Quito;Ecuador;0;3;1;0;19;ECU;6;CHI;13
6/10/2016;Paraguay;Colombia;0;1;FIFA World Cup qualification;Asunción;Paraguay;0;-1;0;1;36;PAR;4;COL;32
6/10/2016;Peru;Argentina;2;2;FIFA World Cup qualification;Lima;Peru;0;0;0;0;25;PER;1;ARG;24
6/10/2016;Uruguay;Venezuela;3;0;FIFA World Cup qualification;Montevideo;Uruguay;0;3;1;0;9;URU;60;VEN;-51
11/10/2016;Argentina;Paraguay;0;1;FIFA World Cup qualification;Córdoba;Argentina;0;-1;0;1;1;ARG;36;PAR;-35
11/10/2016;Bolivia;Ecuador;2;2;FIFA World Cup qualification;La Paz;Bolivia;0;0;0;0;75;BOL;19;ECU;56
11/10/2016;Chile;Peru;2;1;FIFA World Cup qualification;Santiago;Chile;0;1;1;0;6;CHI;25;PER;-19
11/10/2016;Colombia;Uruguay;2;2;FIFA World Cup qualification;Barranquilla;Colombia;0;0;0;0;4;COL;9;URU;-5
11/10/2016;Venezuela;Brasil;0;2;FIFA World Cup qualification;Mérida;Venezuela;0;-2;0;1;60;VEN;4;BRA;56
10/11/2016;Brasil;Argentina;3;0;FIFA World Cup qualification;Belo Horizonte;Brasil;0;3;1;0;3;BRA;1;ARG;2
10/11/2016;Colombia;Chile;0;0;FIFA World Cup qualification;Barranquilla;Colombia;0;0;0;0;5;COL;6;CHI;-1
10/11/2016;Paraguay;Peru;1;4;FIFA World Cup qualification;Asunción;Paraguay;0;-3;0;1;37;PAR;23;PER;14
10/11/2016;Uruguay;Ecuador;2;1;FIFA World Cup qualification;Montevideo;Uruguay;0;1;1;0;9;URU;19;ECU;-10
10/11/2016;Venezuela;Bolivia;5;0;FIFA World Cup qualification;Maturín;Venezuela;0;5;1;0;68;VEN;80;BOL;-12
15/11/2016;Argentina;Colombia;3;0;FIFA World Cup qualification;San Juan;Argentina;0;3;1;0;1;ARG;5;COL;-4
15/11/2016;Bolivia;Paraguay;1;0;FIFA World Cup qualification;La Paz;Bolivia;0;1;1;0;80;BOL;37;PAR;43
15/11/2016;Chile;Uruguay;3;1;FIFA World Cup qualification;Santiago;Chile;0;2;1;0;6;CHI;9;URU;-3
15/11/2016;Ecuador;Venezuela;3;0;FIFA World Cup qualification;Quito;Ecuador;0;3;1;0;19;ECU;68;VEN;-49
15/11/2016;Peru;Brasil;0;2;FIFA World Cup qualification;Lima;Peru;0;-2;0;1;23;PER;3;BRA;20
26/1/2017;Brasil;Colombia;1;0;Friendly;Rio de Janeiro;Brasil;0;1;1;0;2;BRA;6;COL;-4
23/3/2017;Argentina;Chile;1;0;FIFA World Cup qualification;Buenos Aires;Argentina;0;1;1;0;1;ARG;4;CHI;-3
23/3/2017;Colombia;Bolivia;1;0;FIFA World Cup qualification;Barranquilla;Colombia;0;1;1;0;7;COL;97;BOL;-90
23/3/2017;Paraguay;Ecuador;2;1;FIFA World Cup qualification;Asunción;Paraguay;0;1;1;0;43;PAR;22;ECU;21
23/3/2017;Uruguay;Brasil;1;4;FIFA World Cup qualification;Montevideo;Uruguay;0;-3;0;1;9;URU;2;BRA;7
23/3/2017;Venezuela;Peru;2;2;FIFA World Cup qualification;Maturín;Venezuela;0;0;0;0;59;VEN;18;PER;41
28/3/2017;Bolivia;Argentina;2;0;FIFA World Cup qualification;La Paz;Bolivia;0;2;1;0;97;BOL;1;ARG;96
28/3/2017;Brasil;Paraguay;3;0;FIFA World Cup qualification;São Paulo;Brasil;0;3;1;0;2;BRA;43;PAR;-41
28/3/2017;Chile;Venezuela;3;1;FIFA World Cup qualification;Santiago;Chile;0;2;1;0;4;CHI;59;VEN;-55
28/3/2017;Ecuador;Colombia;0;2;FIFA World Cup qualification;Quito;Ecuador;0;-2;0;1;22;ECU;7;COL;15
28/3/2017;Peru;Uruguay;2;1;FIFA World Cup qualification;Lima;Peru;0;1;1;0;18;PER;9;URU;9
8/6/2017;Ecuador;Venezuela;1;1;Friendly;Boca Raton;USA;1;0;0;0;24;ECU;58;VEN;-34
8/6/2017;Peru;Paraguay;1;0;Friendly;Trujillo;Peru;0;1;1;0;15;PER;36;PAR;-21
9/6/2017;Argentina;Brasil;1;0;Friendly;Melbourne;Australia;1;1;1;0;2;ARG;1;BRA;1
31/8/2017;Brasil;Ecuador;2;0;FIFA World Cup qualification;Porto Alegre;Brasil;0;2;1;0;1;BRA;32;ECU;-31
31/8/2017;Chile;Paraguay;0;3;FIFA World Cup qualification;Santiago;Chile;0;-3;0;1;7;CHI;40;PAR;-33
31/8/2017;Peru;Bolivia;2;1;FIFA World Cup qualification;Lima;Peru;0;1;1;0;15;PER;68;BOL;-53
31/8/2017;Uruguay;Argentina;0;0;FIFA World Cup qualification;Montevideo;Uruguay;0;0;0;0;17;URU;3;ARG;14
31/8/2017;Venezuela;Colombia;0;0;FIFA World Cup qualification;San Cristóbal;Venezuela;0;0;0;0;69;VEN;8;COL;61
5/9/2017;Argentina;Venezuela;1;1;FIFA World Cup qualification;Buenos Aires;Argentina;0;0;0;0;3;ARG;69;VEN;-66
5/9/2017;Bolivia;Chile;1;0;FIFA World Cup qualification;La Paz;Bolivia;0;1;1;0;68;BOL;7;CHI;61
5/9/2017;Colombia;Brasil;1;1;FIFA World Cup qualification;Barranquilla;Colombia;0;0;0;0;8;COL;1;BRA;7
5/9/2017;Ecuador;Peru;0;2;FIFA World Cup qualification;Quito;Ecuador;0;-2;0;1;32;ECU;15;PER;17
5/9/2017;Paraguay;Uruguay;1;2;FIFA World Cup qualification;Asunción;Paraguay;0;-1;0;1;40;PAR;17;URU;23
5/10/2017;Argentina;Peru;0;0;FIFA World Cup qualification;Buenos Aires;Argentina;0;0;0;0;4;ARG;12;PER;-8
5/10/2017;Bolivia;Brasil;0;0;FIFA World Cup qualification;La Paz;Bolivia;0;0;0;0;46;BOL;2;BRA;44
5/10/2017;Chile;Ecuador;2;1;FIFA World Cup qualification;Santiago;Chile;0;1;1;0;9;CHI;35;ECU;-26
5/10/2017;Colombia;Paraguay;1;2;FIFA World Cup qualification;Barranquilla;Colombia;0;-1;0;1;10;COL;39;PAR;-29
5/10/2017;Venezuela;Uruguay;0;0;FIFA World Cup qualification;San Cristóbal;Venezuela;0;0;0;0;68;VEN;16;URU;52
10/10/2017;Brasil;Chile;3;0;FIFA World Cup qualification;São Paulo;Brasil;0;3;1;0;2;BRA;9;CHI;-7
10/10/2017;Ecuador;Argentina;1;3;FIFA World Cup qualification;Quito;Ecuador;0;-2;0;1;35;ECU;4;ARG;31
10/10/2017;Paraguay;Venezuela;0;1;FIFA World Cup qualification;Asunción;Paraguay;0;-1;0;1;39;PAR;68;VEN;-29
10/10/2017;Peru;Colombia;1;1;FIFA World Cup qualification;Lima;Peru;0;0;0;0;12;PER;10;COL;2
10/10/2017;Uruguay;Bolivia;4;2;FIFA World Cup qualification;Montevideo;Uruguay;0;2;1;0;16;URU;46;BOL;-30
10/11/2017;Japon;Brasil;1;3;Friendly;Villeneuve-d'Ascq;France;1;-2;0;1;44;JPN;2;BRA;42
12/6/2018;Japon;Paraguay;4;2;Friendly;Innsbruck;Austria;1;2;1;0;61;JPN;32;PAR;29
